Customer,Labor Tax Code,Email,Mailing Address,Mailing City,Mailing State,Mailing ZIP Code,Customer ID,Part Tax Code,Contract Customer
100 SOUTHGATE KM LLC,TNJ NJ SALES TAX (6.625%),,100 SOUTHGATE PARKWAY,MORRISTOWN,NJ,7960,1037,TNJ NJ SALES TAX (6.625%),
10 SULLIVAN STREET CONDOMINIUM,TNYC NYC SALES TAX (8.875%),,C/O SOLSTICE RESIDENTIAL GROUP LLC,NEW YORK,NY,10004,5,TNYC NYC SALES TAX (8.875%),Yes
1200 MT. KEMBLE KM LLC,TNJ NJ SALES TAX (6.625%),,1200 MT. KEMBLE AVE,MORRISTOWN,NJ,7960,1032,TNJ NJ SALES TAX (6.625%),No
125 W 125TH STREET OFFICE OWNER LLC,NNY NON-TAXABLE NY (0%),,"111 FIFTH AVENUE, 9TH FLOOR
c/o TACONIC MANAGEMENT COMPANY LLC",NEW YORK,NY,10003,961,NNY NON-TAXABLE NY (0%),Yes
"1401 VALLEY ROAD, LLC.",TNJ NJ SALES TAX (6.625%),,1 MARINE PLAZA,NORTH BERGEN,NJ,7047,900,TNJ NJ SALES TAX (6.625%),No
1425 HUDSON STREET CONDOMINIUM ASSOC.,TNJ NJ SALES TAX (6.625%),,1425 HUDSON STREET,HOBOKEN,NJ,7030,905,TNJ NJ SALES TAX (6.625%),No
1460 LEASEHOLD SWINGHM LLC,TNYC NYC SALES TAX (8.875%),,"C/O MERINGOFF PROPERTIES, INC.",NEW YORK,NY,10010,7,TNYC NYC SALES TAX (8.875%),Yes
150 EAST 57TH STREET LLC.,TNYC NYC SALES TAX (8.875%),,150 East 57th Street,New York,NY,10022,870,TNYC NYC SALES TAX (8.875%),No
180 RIVER JV LLC,TNJ NJ SALES TAX (6.625%),,"c/o SAXUM REAL ESTATE - 359 SPRINGFIELD AVE, FL. 2",SUMMIT,NJ,7901,9,TNJ NJ SALES TAX (6.625%),No
195 COLUMBIA LLC,TNJ NJ SALES TAX (6.625%),,"195 COLUMBIA TPKE, SUITE #100",FLORHAM PARK,NJ,7932,1063,TNJ NJ SALES TAX (6.625%),
"220 CAP, LLC",TNJ NJ SALES TAX (6.625%),,260 CENTENNIAL AVE.,PISCATAWAY,NJ,8854,11,TNJ NJ SALES TAX (6.625%),No
222 EAST BROADWAY CONDOMINIUM,TNYC NYC SALES TAX (8.875%),,222 EAST BROADWAY,NEW YORK,NY,10002,1044,TNYC NYC SALES TAX (8.875%),
241 W 28TH STREET LLC,TNYC NYC SALES TAX (8.875%),,243 WEST 28TH STREET,NEW YORK,NY,10001,784,TNYC NYC SALES TAX (8.875%),Yes
2 RECTOR STREET(NY)LLC,NNY NON-TAXABLE NY (0%),,"JLL MANAGEMENT OFFICE,",NEW YORK,NY,10006,10,NNY NON-TAXABLE NY (0%),No
"300 KIMBALL NJ, LLC",TNJ NJ SALES TAX (6.625%),,"300 KIMBALL DRIVE, SUITE 100",PARSIPPANY,NJ,7054,13,TNJ NJ SALES TAX (6.625%),No
30 EAST CONDO,TNYC NYC SALES TAX (8.875%),,1 PENN PLAZA,NEW YORK,NY,10001,774,TNYC NYC SALES TAX (8.875%),No
35 WEST 36TH STREET CONDOMINIUM,TNYC NYC SALES TAX (8.875%),,35 WEST 36TH STREET,NEW YORK,NY,10018,827,TNYC NYC SALES TAX (8.875%),No
"401 COLUMBUS HOLDINGS, LLC",TNYW NY WESTCHESTER SALES TAX (8.375%),,401 COLUMBUS AVE. LOWER LEVEL,VALHALLA,NY,10595,16,TNYW NY WESTCHESTER SALES TAX (8.375%),No
42 TRINITY PLACE CONDOMINIUM,TNYC NYC SALES TAX (8.875%),,"575 FIFTH AVE, 9TH FL",NEW YORK,NY,10017,1038,TNYC NYC SALES TAX (8.875%),
540 WPR LLC,TNYW NY WESTCHESTER SALES TAX (8.375%),MJ1realty2018@gmail.com,236 ERNSTON RD,PARLIN,NJ,8859,1008,TNYW NY WESTCHESTER SALES TAX (8.375%),No
"608 COMPANY, LLC (c/o CBRE)",TNYC NYC SALES TAX (8.875%),,"240 CENTRAL PARK SOUTH
Bill Box # 01-205819-ILJ001",NEW YORK,NY,10019,834,TNYC NYC SALES TAX (8.875%),No
60 COLUMBIA KM LLC,TNJ NJ SALES TAX (6.625%),,60 COLUMBIA ROAD,MORRISTOWN,NJ,7960,1036,TNJ NJ SALES TAX (6.625%),
693 FIFTH OWNER LLC,TNYC NYC SALES TAX (8.875%),,C/O COLLIERS TRI-STATE MGMNT.,NEW YORK,NY,10036,19,TNYC NYC SALES TAX (8.875%),No
7 AND 9 ROSZEL ROAD LLC,TNJ NJ SALES TAX (6.625%),,"C/O CBRE, INC.",PRINCETON,NJ,08540-6287,20,TNJ NJ SALES TAX (6.625%),Yes
ACP CONTRACTING INC.,NNJ Non-Taxable Sales New Jersey (0%),,25 JUST ROAD,FAIRFIELD,NJ,7004,27,NNJ Non-Taxable Sales New Jersey (0%),No
ADAMS & COMPANY,TNYC NYC SALES TAX (8.875%),,411 FIFTH AVENUE,NEW YORK,NY,10016,29,TNYC NYC SALES TAX (8.875%),No
AINSWORTH INC.,NNY NON-TAXABLE NY (0%),,83-40 72nd Drive,Glendale,NY,11385,953,NNY NON-TAXABLE NY (0%),
AIR COMFORT LLC,,,,,,,1001,,
AIR CONTROL MECHANICAL,NNJ Non-Taxable Sales New Jersey (0%),,24A WORLDS FAIR DRIVE,SOMERSET,NJ,8873,33,NNJ Non-Taxable Sales New Jersey (0%),No
"AIR IDEAL, INC.",NNY NON-TAXABLE NY (0%),,51 WINDSOR AVE.,MINEOLA,NY,11501,35,NNY NON-TAXABLE NY (0%),No
AIR STREAM AIR CONDITIONING CORP,NNY NON-TAXABLE NY (0%),,400 CROSSWAYS PARK DRIVE,WOODBURY,NY,11797,37,NNY NON-TAXABLE NY (0%),No
AIR SYSTEMS MAINTENANCE INC.,NNJ Non-Taxable Sales New Jersey (0%),,718 JEFFERSON AVENUE,KENILWORTH,NJ,7033,38,NNJ Non-Taxable Sales New Jersey (0%),Yes
AIRTAC LLC,TNJ NJ SALES TAX (6.625%),,300 Tice Boulevard Suite 170,Woodcliff Lake,NJ,7677,831,TNJ NJ SALES TAX (6.625%),No
AJ CELIANO INC.,NNJ Non-Taxable Sales New Jersey (0%),,460 LUDLOW AVE,CRANFORD,NJ,7016,42,NNJ Non-Taxable Sales New Jersey (0%),No
ALEXANDRIA TOWNSHIP BOE (ESCNJ),NNJ Non-Taxable Sales New Jersey (0%),,557 COUNTY ROAD 513,PITTSTOWN,NJ,8867,902,NNJ Non-Taxable Sales New Jersey (0%),No
ALL COAST SERVICE,NNJ Non-Taxable Sales New Jersey (0%),,69 LAIRD AVENUE,NEPTUNE CITY,NJ,7753,818,NNJ Non-Taxable Sales New Jersey (0%),No
ALL COUNTY MECHANICAL CONTRACTING,NNJ Non-Taxable Sales New Jersey (0%),,56 MCKINLEY STREET,HACKENSACK,NJ,7601,763,NNJ Non-Taxable Sales New Jersey (0%),No
ALLENDALE BOARD OF EDUCATION,NNJ Non-Taxable Sales New Jersey (0%),,100 BROOKSIDE AVE.,ALLENDALE,NJ,7401,44,NNJ Non-Taxable Sales New Jersey (0%),No
"ALL-TECH CONTROLS, LLC",NNJ Non-Taxable Sales New Jersey (0%),,485 AMHERST DRIVE,BRICK,NJ,8723,978,NNJ Non-Taxable Sales New Jersey (0%),
"AMBIENT CONDITIONING, INC",NNJ Non-Taxable Sales New Jersey (0%),,601 King George Road,Fords,NJ,8863,1039,NNJ Non-Taxable Sales New Jersey (0%),
"AMCO ENTERPRISES, INC.",NNJ Non-Taxable Sales New Jersey (0%),,600 SWENSON DRIVE,KENILWORTH,NJ,7033,48,NNJ Non-Taxable Sales New Jersey (0%),No
AME INC,TNJ NJ SALES TAX (6.625%),danny@ame-inc.com,1275 BLOOMFIELD AVE,FAIRFIELD,NJ,7004,49,TNJ NJ SALES TAX (6.625%),
AME INC 1,,steve@ame-inc.com,"1275 Bloomfield Ave
STE 17B BLDG 2",Fairfield,NJ,7004,1002,,
"AMERESCO, INC.",,,520 W. SUMMIT HILL DRIVE,KNOXVILLE,TN,37902,50,,
AMITYVILLE UFSD (ED-DATA),NNY NON-TAXABLE NY (0%),,150 PARK AVE.,AMITYVILLE,NY,11701,51,NNY NON-TAXABLE NY (0%),No
AMNEAL PHARMACEUTICALS,NNJ Non-Taxable Sales New Jersey (0%),Priyeshkumar.shah@amneal.com,1 NEW ENGLAND AVENUE,PISCATAWAY,NJ,8854,737,NNJ Non-Taxable Sales New Jersey (0%),No
ANDERSON COMPANIES,,,368 PASSAIC AVENUE,FAIRFIELD,NJ,7004,805,,No
ANDOVER REGIONAL B.O.E. (ESCNJ),NNJ Non-Taxable Sales New Jersey (0%),,707 LIMECREST RD.,NEWTON,NJ,7860,52,NNJ Non-Taxable Sales New Jersey (0%),No
ANRON AIR SYSTEMS,NNY NON-TAXABLE NY (0%),,440 WYANDANCH AVE,N. BABYLON,NY,11704,53,NNY NON-TAXABLE NY (0%),No
APEX MECHANICAL CORP.,NNY NON-TAXABLE NY (0%),mikeg@apexmechcorp.com,2800 WEBSTER AVENUE,NEW YORK,NY,10458,751,NNY NON-TAXABLE NY (0%),No
AQUA-THERM PLUMBING & HEATING,NNJ Non-Taxable Sales New Jersey (0%),,7 BERYL STREET,SOUTH RIVER,NJ,8882,54,NNJ Non-Taxable Sales New Jersey (0%),No
ARAMARK FACILITIES MANAGEMENT,NNJ Non-Taxable Sales New Jersey (0%),,2400 MARKET STREET,PHILADELPHIA,PA,19103,911,NNJ Non-Taxable Sales New Jersey (0%),Yes
"ARE-NY REGION NO.2, LLC",TNYC NYC SALES TAX (8.875%),,30-02 48TH AVENUE,LONG ISLAND,NY,11101,1045,TNYC NYC SALES TAX (8.875%),
"ARGENT CONTRACTING CO., INC",NNJ Non-Taxable Sales New Jersey (0%),,16 WATCHUNG AVENUE,CHATHAM,NJ,7928,887,NNJ Non-Taxable Sales New Jersey (0%),No
"ARMISTEAD MECHANICAL, INC",NNJ Non-Taxable Sales New Jersey (0%),,168 HOPPER AVENUE,WALDWICK,NJ,7463,954,NNJ Non-Taxable Sales New Jersey (0%),
A.SAIA & SON HEATING & AIR,NNJ Non-Taxable Sales New Jersey (0%),,27-29N NORTH 8TH STREET,BELLEVILLE,NJ,7109,21,NNJ Non-Taxable Sales New Jersey (0%),No
"ASCENDIA PHARMACEUTICALS, INC.",NNJ Non-Taxable Sales New Jersey (0%),,661 US-1,NORTH BRUNSWICK,NJ,8902,979,NNJ Non-Taxable Sales New Jersey (0%),
- A Test -,,,,,,,946,,
"ATRIA BUILDERS, LLC",NNY NON-TAXABLE NY (0%),,"158-13 72ND AVENUE, SUITE 2D",FLUSHING,NY,11365,972,NNY NON-TAXABLE NY (0%),
"AUCTA PHARMACEUTICALS, INC",TNJ NJ SALES TAX (6.625%),bob.gao@auctapharma.com,71 SUTTONS LANE,PISCATAWAY,NJ,8854,864,TNJ NJ SALES TAX (6.625%),No
"BAIN & COMPANY, INC.",TNYC NYC SALES TAX (8.875%),,"1717 MCKINNEY AVENUE, SUITE 1700",DALLAS,TX,75202,883,TNYC NYC SALES TAX (8.875%),
BAM MECHANICAL CORP,NNY NON-TAXABLE NY (0%),,26 CHESTNUT RIDGE ROAD,ARMONK,NY,10504,65,NNY NON-TAXABLE NY (0%),No
"BARHAM MECHANICAL GROUP, LLC",NNJ Non-Taxable Sales New Jersey (0%),,4239 HIGHWAY 33,TINTON FALLS,NJ,7753,66,NNJ Non-Taxable Sales New Jersey (0%),No
BAYSIDE REFRIGERATIION INC. DBA AIRLOGIX,NNY NON-TAXABLE NY (0%),,24-26 46TH STREET,ASTORIA,NY,11103,67,NNY NON-TAXABLE NY (0%),No
BEAM LIVING,TNYC NYC SALES TAX (8.875%),,276 FIRST AVE.,Loop New York,NY,10009,1016,TNYC NYC SALES TAX (8.875%),Yes
BECKFORD TOWER,TNYC NYC SALES TAX (8.875%),,301 East 80th Street,New York,NY,10075,1015,TNYC NYC SALES TAX (8.875%),
BEDFORD AVENUE TRS LLC,TNYC NYC SALES TAX (8.875%),,485 7TH AVENUE,NEW YORK,NY,10018,782,TNYC NYC SALES TAX (8.875%),Yes
BELLEVILLE BOARD OF EDUCATION,NNJ Non-Taxable Sales New Jersey (0%),,56 RALPH STREET,BELLEVILLE,NJ,7109,70,NNJ Non-Taxable Sales New Jersey (0%),No
BELLEVILLE BOARD OF EDUCATION (ESCNJ),NNJ Non-Taxable Sales New Jersey (0%),,56 RALPH STREET,BELLEVILLE,NJ,7109,746,NNJ Non-Taxable Sales New Jersey (0%),Yes
BENMAR AIR CONDITIONING LLC,NNJ Non-Taxable Sales New Jersey (0%),,65 CLIFTON BOULEVARD,CLIFTON,NJ,7015,72,NNJ Non-Taxable Sales New Jersey (0%),No
"BERKLEE COLLEGE OF MUSIC, INC.",NNY NON-TAXABLE NY (0%),,441 West 53rd Street,New York,NY,10019,846,NNY NON-TAXABLE NY (0%),No
BERLITZ,TNJ NJ SALES TAX (6.625%),,"7 ROSZEL ROAD, 3RD FLOOR",PRINCETON,NJ,8540,823,TNJ NJ SALES TAX (6.625%),No
BERNARDS TOWNSHIP B.O.E. (ESCNJ),NNJ Non-Taxable Sales New Jersey (0%),,101 PEACHTREE ROAD,BASKING RIDGE,NJ,7920,74,NNJ Non-Taxable Sales New Jersey (0%),No
BERTUSSI'S CONTRACTING INC.,NNY NON-TAXABLE NY (0%),,60-70 DEXTER PLAZA,PEARL RIVER,NY,10965,76,NNY NON-TAXABLE NY (0%),No
"B&F ELECTRIC MOTORS, INC.",TNYS NY SUFFOLK SALES TAX (8.625%),,d/b/a JOHNSTONE SUPPLY,FARMINGDALE,NY,11735,876,TNYS NY SUFFOLK SALES TAX (8.625%),No
BLOOMFIELD BOARD OF EDUCATION,NNJ Non-Taxable Sales New Jersey (0%),,155 BROAD STREET,BLOOMFIELD,NJ,7003,78,NNJ Non-Taxable Sales New Jersey (0%),No
BLOOMFIELD BOARD OF EDUCATION (ESCNJ),NNJ Non-Taxable Sales New Jersey (0%),,155 BROAD STREET,BLOOMFIELD,NJ,7003,749,NNJ Non-Taxable Sales New Jersey (0%),No
BLOOMFIELD JOINT VENTURE,TNJ NJ SALES TAX (6.625%),,76 SOUTH ORANGE AVENUE,SOURTH ORANGE,NJ,7079,79,TNJ NJ SALES TAX (6.625%),No
BLOOMINGDALE BOARD OF EDUCATION,NNJ Non-Taxable Sales New Jersey (0%),,225 GLENWILD AVENUE,BLOOMINGDALE,NJ,7403,80,NNJ Non-Taxable Sales New Jersey (0%),No
BLU DOT HQ,,,1321 TYLER ST. NE,MINNEAPOLIS,MN,55413,81,,Yes
BLUE MANAGEMENT SERVICES,TNJ NJ SALES TAX (6.625%),,33 WASHINGTON ST,NEWARK,NJ,7102,926,TNJ NJ SALES TAX (6.625%),Yes
BLUMENFELD DEVELOPMENT GROUP,TNYC NYC SALES TAX (8.875%),,75-20 ASTORIA BLVD,JACKSON HEIGHTS,NY,11370,82,TNYC NYC SALES TAX (8.875%),Yes
BOE N. HUNTERDON-VOORHEES REG.(ESCNJ),NNJ Non-Taxable Sales New Jersey (0%),,HIGH SCHOOL DISTRIC STATE ROUTE 31,ANNANDALE,NJ,8801,85,NNJ Non-Taxable Sales New Jersey (0%),No
B.O.E. PASSAIC VALLEY REG. H.S. (ESCNJ),NNJ Non-Taxable Sales New Jersey (0%),,DISTRIC NO. 1,LITTLE FALLS,NJ,7424,62,NNJ Non-Taxable Sales New Jersey (0%),Yes
B.O.E. VOCATIONAL CO. OF SUSSEX(ESCNJ),NNJ Non-Taxable Sales New Jersey (0%),,105 N. CHURCH ROAD,SPARTA,NJ,7871,64,NNJ Non-Taxable Sales New Jersey (0%),No
BOND STREET,TNYC NYC SALES TAX (8.875%),,500 WEST 33RD STREET,NEW YORK,NY,10001,952,TNYC NYC SALES TAX (8.875%),No
BON SECOURS COMMUNITY HOSPITAL,NNY NON-TAXABLE NY (0%),,160 E. MAIN STREET,PORT JERVIS,NY,12771,87,NNY NON-TAXABLE NY (0%),Yes
BOONTON TOWNSHIP BOE (ESCNJ),NNJ Non-Taxable Sales New Jersey (0%),,11 Valley Road,Boonton,NJ,7005,868,NNJ Non-Taxable Sales New Jersey (0%),No
BOROUGH OF RUTHERFORD,NNJ Non-Taxable Sales New Jersey (0%),,176 PARK AVE,RUTHERFORD,NJ,7070,992,NNJ Non-Taxable Sales New Jersey (0%),
BOROUGH OF WANAQUE,NNJ Non-Taxable Sales New Jersey (0%),,579 RINGWOOD AVE.,WANAQUE,NJ,7465,90,NNJ Non-Taxable Sales New Jersey (0%),No
BRAE BURN COUNTRY CLUB INC.,TNYW NY WESTCHESTER SALES TAX (8.375%),,39 BRAE BRUN DRIVE,PURCHASE,NY,10577,776,TNYW NY WESTCHESTER SALES TAX (8.375%),No
BR FRIES AND ASSOCIATES LLC,NNY NON-TAXABLE NY (0%),,"34 WEST 32ND ST., 7TH FL",NEW YORK,NY,10001,93,NNY NON-TAXABLE NY (0%),No
BRIAN TREMATORE PLUMBING & HEATING,NNJ Non-Taxable Sales New Jersey (0%),,5 DANIEL ROAD EAST,FAIRFIELD,NJ,7004,95,NNJ Non-Taxable Sales New Jersey (0%),No
BRIDGEWATER-RARITAN REG DIST. (ESCNJ),NNJ Non-Taxable Sales New Jersey (0%),,836 NEWMANS LANE,BRIDGEWATER,NJ,08807-0030,96,NNJ Non-Taxable Sales New Jersey (0%),No
"BRIGHTCORE ENERGY, LLC",NNY NON-TAXABLE NY (0%),,80 BUSINESS PARK DRIVE #211,ARMONK,NY,10504,98,NNY NON-TAXABLE NY (0%),No
BRONX HEALTHCARE,NNY NON-TAXABLE NY (0%),,1650 GRAND CONCOURSE,BRONX,NY,10457,100,NNY NON-TAXABLE NY (0%),No
BROOKLYN BOTANIC GARDEN,TNYC NYC SALES TAX (8.875%),,"1000 WASHINGTON AVENUE
C/O GARDINER & THEOBALD INC. (G&T)",BROOKLYN,NY,11225,1050,TNYC NYC SALES TAX (8.875%),
BROOKLYN PUBLIC LIBRARY,NNY NON-TAXABLE NY (0%),,10 GRAND ARMY PLAZA,BROOKLYN,NY,11238,102,NNY NON-TAXABLE NY (0%),No
BROOKLYN VA MEDICAL CENTER,,,800 Poly Place,Brooklyn,NY,11209,867,,No
BTCT (STEINER RT 202),TNJ NJ SALES TAX (6.625%),,C/O STEINER EQUITIES GROUP LLC,ROSELAND,NJ,07068-1696,105,TNJ NJ SALES TAX (6.625%),Yes
BUIST INCORPORATED,NNJ Non-Taxable Sales New Jersey (0%),,860 GEORGES ROAD,MONMOUTH JUNCTION,NJ,8852,107,NNJ Non-Taxable Sales New Jersey (0%),No
BUTLER BOARD OF EDUCATION,NNJ Non-Taxable Sales New Jersey (0%),,38 BARTHOLDI AVENUE,BUTLER,NJ,7405,915,NNJ Non-Taxable Sales New Jersey (0%),Yes
CAFE SPICE LLC,NNY NON-TAXABLE NY (0%),,677 LITTLE BRITAIN ROAD,NEW WINDSOR,NY,12553,958,NNY NON-TAXABLE NY (0%),
CALDWELL WEST CALDWELL (ESCNJ),NNJ Non-Taxable Sales New Jersey (0%),,104 GRAY STREET,WEST CALDWELL,NJ,07006-7696,115,NNJ Non-Taxable Sales New Jersey (0%),No
"CANNON MECHANICAL, INC.",NNY NON-TAXABLE NY (0%),,75-17 COOPER AVENUE,GLENDALE,NY,11385,793,NNY NON-TAXABLE NY (0%),No
CARL WALKER CONSTRUCTION,NNJ Non-Taxable Sales New Jersey (0%),,935 VISTA DRIVE,PITTSBURGH,PA,15205,856,NNJ Non-Taxable Sales New Jersey (0%),
CARTER MECHANICAL,NPA NON-TAXABLE PA (0%),,176 PENNSYLVANIA AVE.,MALVERN,PA,19355,120,NPA NON-TAXABLE PA (0%),
CBRE PROPERTY MANAGEMENT,NNY NON-TAXABLE NY (0%),,"Billbox: 01-205819-IEV001 
PO Box 2021",WARREN,MI,48090-2021,121,NNY NON-TAXABLE NY (0%),Yes
"CCI CONSTRUCTION, INC.",NNJ Non-Taxable Sales New Jersey (0%),WWW.CCI-CONSTRUCTION.COM,70 CHESTNUT RIDGE ROAD,MONTVALE,NJ,7645,766,NNJ Non-Taxable Sales New Jersey (0%),No
"C. DOUGHERTY & CO., INC.",NNJ Non-Taxable Sales New Jersey (0%),,7 WASHINGTON AVE.,PATERSON,NJ,7503,113,NNJ Non-Taxable Sales New Jersey (0%),No
CEDAR GROVE SCHOOL DISTRICT (ESCNJ),NNJ Non-Taxable Sales New Jersey (0%),,520 POMPTON AVE.,CEDAR GROVE,NJ,7009,122,NNJ Non-Taxable Sales New Jersey (0%),No
CEG SOLUTIONS LLC,,,"4040 NORTH FAIRFAX DR,",ARLINGTON,VA,22203,123,,
"CELLDEX THERAPEUTICS, INC.",TNJ NJ SALES TAX (6.625%),,"160 GOULD STREET, SUITE 202",NEEDHAM,MA,2494,816,TNJ NJ SALES TAX (6.625%),
CENTER FOR URBAN COMMUNITY SERVICES,NNY NON-TAXABLE NY (0%),,312 WEST 127TH STREET,NEW YORK,NY,10027,125,NNY NON-TAXABLE NY (0%),Yes
CENTRALPACK ENGINEERING CORP,NNJ Non-Taxable Sales New Jersey (0%),,359 GREEN POND ROAD,HIBERNIA,NJ,7842,127,NNJ Non-Taxable Sales New Jersey (0%),No
CENTRAL PRESBYTERIAN CHURCH,NNJ Non-Taxable Sales New Jersey (0%),,70 MAPLE STREET,SUMMIT,NJ,7901,126,NNJ Non-Taxable Sales New Jersey (0%),No
CHRISTIAN BROTHERS ACADEMY,NNJ Non-Taxable Sales New Jersey (0%),,850 NEWMAN SPRINGS ROAD,LINCROFT,NJ,7738,129,NNJ Non-Taxable Sales New Jersey (0%),Yes
CHRISTIAN HEALTH CARE CENTER,NNJ Non-Taxable Sales New Jersey (0%),,301 SICOMAC AVE.,WYCKOFF,NJ,7481,130,NNJ Non-Taxable Sales New Jersey (0%),No
CHUGACH CONSOLIDATED SOLUTIONS LLC,NNJ Non-Taxable Sales New Jersey (0%),,"3800 CENTERPOINT DR, SUITE #800",ANCHORAGE,AK,99503,964,NNJ Non-Taxable Sales New Jersey (0%),
CHURCH OF SCIENTOLOGY OF HARLEM,NNY NON-TAXABLE NY (0%),,228 EAST 125TH STREET,NEW YORK,NY,10035,773,NNY NON-TAXABLE NY (0%),No
CITY OF JERSEY CITY,NNJ Non-Taxable Sales New Jersey (0%),,13-15 LINDEN AVENUE EAST,JERSEY CITY,NJ,7305,133,NNJ Non-Taxable Sales New Jersey (0%),Yes
CITY OF NEW YORK PARKS & RECREATION DEPT,NNY NON-TAXABLE NY (0%),,FIVE BORO COMPLEX RANDALL'S ISLAND,NEW YORK,NY,10035,986,NNY NON-TAXABLE NY (0%),
Clayco Inc.,,,2398 East Camelback Road,Phoenix,AZ,85016,1064,,
Clean Kitchen Food,,,,,,,1029,,
CLEMENS FOOD GROUP,TPA PA SALES TAX (6%),,2700 CLEMENS ROAD,HATFIELD,PA,19440,770,TPA PA SALES TAX (6%),
CLIFTON BOARD OF EDUCATION,NNJ Non-Taxable Sales New Jersey (0%),,745 CLIFTON AVE.,CLIFTON,NJ,7013,137,NNJ Non-Taxable Sales New Jersey (0%),No
CLIFTON BOARD OF EDUCATION (ESCNJ),NNJ Non-Taxable Sales New Jersey (0%),,745 CLIFTON AVE.,CLIFTON,NJ,7015,138,NNJ Non-Taxable Sales New Jersey (0%),No
CMIC CMO USA CORPORATION,TNJ NJ SALES TAX (6.625%),,270 PROSPECT PLAINS RD,CRANBURY,NJ,08512-3605,970,TNJ NJ SALES TAX (6.625%),
"COASTAL AIR CONDITIONING, INC.",NNJ Non-Taxable Sales New Jersey (0%),,6 PHYLLIS STREET,HAZLET,NJ,7730,811,NNJ Non-Taxable Sales New Jersey (0%),No
COASTAL REFRIGERATION CORP.,NNJ Non-Taxable Sales New Jersey (0%),,1016 STATE ROUTE 33,FREEHOLD,NJ,7728,141,NNJ Non-Taxable Sales New Jersey (0%),No
COLLINGS BUILDING SERVICES,TNYC NYC SALES TAX (8.875%),,24-01 44TH ROAD,LONG ISLAND CITY,NY,11101,903,TNYC NYC SALES TAX (8.875%),No
COLUMBIA UNIVERSITY MEDICAL CENTER,NNY NON-TAXABLE NY (0%),,650 WEST 168TH STREET,NEW YORK,NY,10032,144,NNY NON-TAXABLE NY (0%),Yes
COMFORT MECHANICAL CORP.,NNJ Non-Taxable Sales New Jersey (0%),,PO BOX 4135,LONG BRANCH,NJ,7740,146,NNJ Non-Taxable Sales New Jersey (0%),No
COMPUTERCOOL ICEAGE MECHANICAL CORP,NNY NON-TAXABLE NY (0%),,58-75 57TH ROAD,MASPETH,NY,11378,148,NNY NON-TAXABLE NY (0%),No
"CON EDISON SOLUTIONS, INC.",TNYC NYC SALES TAX (8.875%),,3405 W. DR. MARTIN L. KING JR. BLVD. SUITE 101,TAMPA,FL,33607,918,TNYC NYC SALES TAX (8.875%),
CONNELL REAL ESTATE & DEVELOPMENT CO.,TNJ NJ SALES TAX (6.625%),,300 CONNELL DRIVE,BERKELEY HEIGHTS,NJ,7922,910,TNJ NJ SALES TAX (6.625%),Yes
CORE FACILITIES SERVICES LLC.,NNJ Non-Taxable Sales New Jersey (0%),,150 EAST 42ND STREET 7TH FLOOR,NEW YORK,NY,10017,153,NNJ Non-Taxable Sales New Jersey (0%),Yes
"CORPORATE COMMONS THREE, LLC",TNYC NYC SALES TAX (8.875%),,1110 SOUTH AVE,STATEN ISLAND,NY,10314,1048,TNYC NYC SALES TAX (8.875%),
COUNTY OF ESSEX,NNJ Non-Taxable Sales New Jersey (0%),,465 DR MARTIN LUTHER KING JR BLVD #335,NEWARK,NJ,7102,851,NNJ Non-Taxable Sales New Jersey (0%),No
COUNTY OF MIDDLESEX (ESCNJ),NNJ Non-Taxable Sales New Jersey (0%),Michael.tonne@co.middlesex.nj.us,PO BOX 661,NEW BRUNSWICK,NJ,8903,948,NNJ Non-Taxable Sales New Jersey (0%),
COUNTY OF MORRIS,NNJ Non-Taxable Sales New Jersey (0%),,DEPARTMENT OF FINANCE,MORRISTOWN,NJ,07963-0900,156,NNJ Non-Taxable Sales New Jersey (0%),Yes
COUNTY OF ORANGE NY,NNY NON-TAXABLE NY (0%),,C/O DEPT. OF PUBLIC WORKS,GOSHEN,NY,10924,157,NNY NON-TAXABLE NY (0%),Yes
COUNTY OF PASSAIC PUBLIC BUILDINGS(ESCNJ),NNJ Non-Taxable Sales New Jersey (0%),,151 EAST 11TH STREET,PATERSON,NJ,7524,159,NNJ Non-Taxable Sales New Jersey (0%),No
CRANFORD BOARD OF EDUCATION (ESCNJ),NNJ Non-Taxable Sales New Jersey (0%),,132 THOMAS STREET,CRANFORD,NJ,7016,163,NNJ Non-Taxable Sales New Jersey (0%),No
CRESSKILL BOARD OF EDUCATION (ESCNJ),NNJ Non-Taxable Sales New Jersey (0%),tschillaci@cresskillnj.net,15 BROOKSIDE AVE,CRESSKILL,NJ,7626,874,NNJ Non-Taxable Sales New Jersey (0%),No
CropOne,,,725 MAIN STREET,MILLIS-CLICQUOT,MA,2054,791,,
CRYSTAL & DIAMOND HOSPITALITY LLC,TNJ NJ SALES TAX (6.625%),,D/B/A ENVUE AUTOGRAPH COLLECTION,,,,762,TNJ NJ SALES TAX (6.625%),
Cushman & Wakefield (650 College),TNJ NJ SALES TAX (6.625%),,650 College Road East,Princeton,NJ,8540,817,TNJ NJ SALES TAX (6.625%),No
CUSHMAN & WAKEFIELD INC. (141 WILLOUGHBY),TNYC NYC SALES TAX (8.875%),,141 WILLOUGHBY STREET,BROOKLYN,NY,11201,735,TNYC NYC SALES TAX (8.875%),Yes
"CUSHMAN & WAKEFIELD, INC. (650 FIFTH)",TNYC NYC SALES TAX (8.875%),,"CUSHMAN & WAKEFIELD, INC.",NEW YORK,NY,10019-6108,168,TNYC NYC SALES TAX (8.875%),Yes
"CUSHMAN & WAKEFIELD, INC. (FISERV)",,,575 MARYVILLE CENTRE DRIVE,TOWN AND COUNTRY,MO,63141,775,,
CUSTOM PRO SOLUTIONS,NNY NON-TAXABLE NY (0%),,2790 STATE ROUTE 13,NEW WOODSTOCK,NY,13122,756,NNY NON-TAXABLE NY (0%),
CWP- NYC PROPERTY MGT SERVICES,TNYC NYC SALES TAX (8.875%),,787 SEVENTH AVENUE,NEW YORK,NY,10019,169,TNYC NYC SALES TAX (8.875%),Yes
CYTOSORBENTS MEDICAL INC.,TNJ NJ SALES TAX (6.625%),,305 COLLEGE ROAD EAST,PRINCETON,NJ,8540,1066,TNJ NJ SALES TAX (6.625%),
"DASHLANE USA, INC.",TNYC NYC SALES TAX (8.875%),,"44 WEST 18TH STREET, 4TH FLOOR",NEW YORK,NY,10011,800,TNYC NYC SALES TAX (8.875%),No
"DAYLIGHT TRANSPORT, LLC",TNJ NJ SALES TAX (6.625%),,5660 KATELLA AVENUE,CYPRESS,CA,90630,1059,TNJ NJ SALES TAX (6.625%),
"D&B BUILDING SOLUTIONS, LLC",NNJ Non-Taxable Sales New Jersey (0%),,444 JOHN F. KENNEDY DR. NORTH,BLOOMFIELD,NJ,7003,170,NNJ Non-Taxable Sales New Jersey (0%),No
D&B SERVICE GROUP LLC (A/R),NNJ Non-Taxable Sales New Jersey (0%),,"2 CLERICO LN, SUITE 210",HILLSBOROUGH,NJ,8844,171,NNJ Non-Taxable Sales New Jersey (0%),No
DCO ENERGY,NNJ Non-Taxable Sales New Jersey (0%),,5429 HARDING HWY,MAYS LANDING,NJ,8330,175,NNJ Non-Taxable Sales New Jersey (0%),No
DELAWARE TOWNSHIP B.O.E. (ESCNJ),NNJ Non-Taxable Sales New Jersey (0%),,501 ROSEMONT-RINGOES ROAD,SEGEANTSVILLE,NJ,8857,177,NNJ Non-Taxable Sales New Jersey (0%),Yes
DELAWARE VALLEY REGIONAL HIGH SCHOOL,NNJ Non-Taxable Sales New Jersey (0%),,19 SENATOR STOUT ROAD,FRENCHTOWN,NJ,8825,179,NNJ Non-Taxable Sales New Jersey (0%),No
DELL-TECH INC.,NNJ Non-Taxable Sales New Jersey (0%),,930 NEW YORK AVE.,TRENTON,NJ,8638,180,NNJ Non-Taxable Sales New Jersey (0%),No
DEPARTMENT OF CHILDREN&FAMILIES,NNJ Non-Taxable Sales New Jersey (0%),,"STATE OF NEW JERSEY
REGIONAL SCHOOL ESSEX CAMPUS
395-97 NORTH 5TH STREET",NEWARK,NJ,7107,914,NNJ Non-Taxable Sales New Jersey (0%),No
DE SESA ENGINEERING CO. INC.,NNJ Non-Taxable Sales New Jersey (0%),,83 DORSA AVE,LIVINGSTON,NJ,7039,176,NNJ Non-Taxable Sales New Jersey (0%),No
"DI SANTI MECHANICAL, INC.",NNJ Non-Taxable Sales New Jersey (0%),,"101 EAST MAIN STREET, BUILDING 3",LITTLE FALLS,NJ,7424,181,NNJ Non-Taxable Sales New Jersey (0%),No
DLS MECHANICAL & MAINTENANCE CORP,NNY NON-TAXABLE NY (0%),,275 JERICHO TURNPIKE,FLORAL PARK,NY,11001,182,NNY NON-TAXABLE NY (0%),No
DNJ MECHANICAL,NNY NON-TAXABLE NY (0%),,55-05 FLUSHING AVE.,MASPETH,NY,11378,183,NNY NON-TAXABLE NY (0%),No
DOBBS FERRY UFSD (ED-DATA),NNY NON-TAXABLE NY (0%),,505 BROADWAY,DOBBS FERRY,NY,10522,875,NNY NON-TAXABLE NY (0%),No
DOMINICIAN ACADEMY,NNY NON-TAXABLE NY (0%),,44 EAST 68TH STREET,MANHATTAN,NY,10065,879,NNY NON-TAXABLE NY (0%),No
DOMINION CONSTRUCTION CORP.,NNY NON-TAXABLE NY (0%),,108 ALLEN BOULEVARD,FARMINGDALE,NY,11735,790,NNY NON-TAXABLE NY (0%),No
DON BOSCO PREPARATORY HIGH SCHOOL,NNJ Non-Taxable Sales New Jersey (0%),,492 FRANKLIN TURNPIKE,RAMSEY,NJ,7446,185,NNJ Non-Taxable Sales New Jersey (0%),No
DONNELLY MECHANICAL CORP.,NNY NON-TAXABLE NY (0%),,96-59 222ND STREET,QUEENS VILLAGE,NY,11429,187,NNY NON-TAXABLE NY (0%),No
DOVER BOARD OF EDUCATION (ESCNJ),NNJ Non-Taxable Sales New Jersey (0%),,21 BELMONT AVENUE,DOVER,NJ,7801,767,NNJ Non-Taxable Sales New Jersey (0%),No
DPR CONSTRUCTION,NNJ Non-Taxable Sales New Jersey (0%),,1090 King Georges Post Road,Edison,NJ,8837,857,NNJ Non-Taxable Sales New Jersey (0%),No
D.P.  WOLFF INC.,NNY NON-TAXABLE NY (0%),,"2 WESTCHESTER PLAZA, SUITE 160",ELMSFORD,NY,10523,172,NNY NON-TAXABLE NY (0%),No
DRIFT,TNJ NJ SALES TAX (6.625%),,"1200 HARBOR BLVD
d/b/a WEEHAWKEN REST LLC",WEEHAWKEN,NJ,7086,976,TNJ NJ SALES TAX (6.625%),
DUMONT MECHANICAL,NNJ Non-Taxable Sales New Jersey (0%),,2048 ROUTE 31,GLEN GARDNER,NJ,8826,189,NNJ Non-Taxable Sales New Jersey (0%),No
DUTCHESS COUNTY (BOCES),NNY NON-TAXABLE NY (0%),,5 Boces Road,Poughkeepsie,NY,12601,845,NNY NON-TAXABLE NY (0%),
DWIGHT SCHOOL,TNYC NYC SALES TAX (8.875%),,291 CENTRAL PARK WEST,NEW YORK,NY,10024,994,TNYC NYC SALES TAX (8.875%),
EACM CORP,NNJ Non-Taxable Sales New Jersey (0%),,1070 OCEAN AVENUE,SEA BRIGHT,NJ,7760,193,NNJ Non-Taxable Sales New Jersey (0%),No
"EAST 77TH OWNERS, INC.",TNYC NYC SALES TAX (8.875%),,435 EAST 77TH STREET,NEW YORK,NY,10075,804,TNYC NYC SALES TAX (8.875%),No
EASTAMPTON BOARD OF EDUCATION (ESCNJ),NNJ Non-Taxable Sales New Jersey (0%),,1 STUDENT DRIVE,EASTAMPTON,NJ,8060,200,NNJ Non-Taxable Sales New Jersey (0%),No
EAST BRUNSWICK SCHOOL DIST(ESCNJ),NNJ Non-Taxable Sales New Jersey (0%),,760 RT 18,EAST BRUNSWICK,NJ,8816,197,NNJ Non-Taxable Sales New Jersey (0%),No
EAST CONSTRUCTION CORP.,NNY NON-TAXABLE NY (0%),,28 CLIFF AVE.,YONKERS,NY,10705,198,NNY NON-TAXABLE NY (0%),No
EASTERN AIR INC.,NNY NON-TAXABLE NY (0%),,260 JOHNSON AVENUE,BROOKLYN,NY,11206,201,NNY NON-TAXABLE NY (0%),No
EAST HANOVER TOWNSHIP BOE (ESCNJ),NNJ Non-Taxable Sales New Jersey (0%),,20 SCHOOL AVENUE,EAST HANOVER,NJ,7936,1025,NNJ Non-Taxable Sales New Jersey (0%),
EAST HARLEM SCHOLAR ACAD CHARTER SCHOOL,NNY NON-TAXABLE NY (0%),,2017 1ST AVENUE,NEW YORK,NY,10029,984,NNY NON-TAXABLE NY (0%),
EAST ISLIP DISTRICT OFFICE (ED-DATA),NNY NON-TAXABLE NY (0%),,1 CRAIG B GARIEPY AVENUE,ISLIP TERRACE,NY,11752,869,NNY NON-TAXABLE NY (0%),No
ECHELON SERVICES LLC,NNJ Non-Taxable Sales New Jersey (0%),,159 MERRIAM AVE,NEWTON,NJ,7860,202,NNJ Non-Taxable Sales New Jersey (0%),No
"ECOSAVE AUTOMATION, LLC",NNY NON-TAXABLE NY (0%),,4000 S 26TH,PHILADELPHIA,PA,19145,960,NNY NON-TAXABLE NY (0%),
"ECOSYSTEM ENERGY SERVICES USA, INC.",NNY NON-TAXABLE NY (0%),,462 7TH AVENUE,NEW YORK,NY,10018,203,NNY NON-TAXABLE NY (0%),No
EDISON HEATING&COOLING,NNJ Non-Taxable Sales New Jersey (0%),,191 VINEYARD ROAD,EDISON,NJ,8817,205,NNJ Non-Taxable Sales New Jersey (0%),No
EDISON PLAZA,TNJ NJ SALES TAX (6.625%),,10 PARSONAGE ROAD,EDISON,NJ,8837,822,TNJ NJ SALES TAX (6.625%),No
EDUCATIONAL SERVICES COMM OF NJ (ESCNJ),NNJ Non-Taxable Sales New Jersey (0%),,1660 STELTON ROAD,PISCATAWAY,NJ,8854,740,NNJ Non-Taxable Sales New Jersey (0%),No
"EIA CONSTRUCTORS, INC.",TNJ NJ SALES TAX (6.625%),,8 RIDGEDALE AVE,CEDAR KNOLLS,NJ,7927,888,TNJ NJ SALES TAX (6.625%),No
EJS NEW YORK,NNY NON-TAXABLE NY (0%),,ONE PENN PLAZA 1 PENN PLAZA SUITE 2014,NEW YORK,NY,10001,792,NNY NON-TAXABLE NY (0%),No
EMCOR SERVICES NY/NJ,NNJ Non-Taxable Sales New Jersey (0%),,"245 Newtown Road, Suite 305",Plainview,NY,11803,208,NNJ Non-Taxable Sales New Jersey (0%),No
EMERSON BOARD OF EDUCATION (ESCNJ),NNJ Non-Taxable Sales New Jersey (0%),,133 MAIN STREET,EMERSON,NJ,7630,210,NNJ Non-Taxable Sales New Jersey (0%),No
EMERSON LLLP,,,"1100 W LOUIS HENNA BLVD, BUILDING 1",ROUND ROCK,TX,78681-7430,980,,
"EMY SOLUTIONS, LLC",NNJ Non-Taxable Sales New Jersey (0%),,19 SUMMERFIELD BLVD.,DAYTON,NJ,8810,212,NNJ Non-Taxable Sales New Jersey (0%),No
ENCON MECHANICAL,NNJ Non-Taxable Sales New Jersey (0%),,P.O. BOX 2293,OCEAN TOWNSHIP,NJ,7712,213,NNJ Non-Taxable Sales New Jersey (0%),No
ENDO PHARMACEUTICALS INC,TNJ NJ SALES TAX (6.625%),,8 Clarke Drive,Cranbury,NJ,8512,812,TNJ NJ SALES TAX (6.625%),No
ENERGY MANAGEMENT SYSTEMS,NNJ Non-Taxable Sales New Jersey (0%),,P.O. BOX 335,RAMSEY,NJ,7446,1017,NNJ Non-Taxable Sales New Jersey (0%),
"ENERGY SYSTEMS GROUP, LLC",NNJ Non-Taxable Sales New Jersey (0%),,9877 EASTGATE COURT,NEWBURGH,IN,47630,216,NNJ Non-Taxable Sales New Jersey (0%),
"ENERGY TRANSFER SOLUTIONS, LLC",NNJ Non-Taxable Sales New Jersey (0%),,"1220 WARD AVE, SUITE 300",WEST CHESTER,PA,19380,929,NNJ Non-Taxable Sales New Jersey (0%),
ENGLEWOOD HOSPITAL AND MED CTR,NNJ Non-Taxable Sales New Jersey (0%),,350 Engle Street,Englewood,NJ,7631,1014,NNJ Non-Taxable Sales New Jersey (0%),
"ENTERIS BIOPHARMA, INC.",NNJ Non-Taxable Sales New Jersey (0%),,83 FULTON STREET,BOONTON,NJ,07005-1909,219,NNJ Non-Taxable Sales New Jersey (0%),Yes
"ENVIROCON, LLC",NNJ Non-Taxable Sales New Jersey (0%),az@enviroconusa.com,83 Canada Goose Drive,Hackettstown,NJ,7840,829,NNJ Non-Taxable Sales New Jersey (0%),No
"ENVIRONMENTAL CLIMATE CONTROL, INC",NNJ Non-Taxable Sales New Jersey (0%),,51 PATERSON AVE,WALLINGTON,NJ,7057,221,NNJ Non-Taxable Sales New Jersey (0%),No
EO 160 WATER LLC,TNYC NYC SALES TAX (8.875%),,160 WATER ST,NEW YORK,NY,10038,1026,TNYC NYC SALES TAX (8.875%),
"EPIC MECHANICAL CONTRACTORS, LLC",NNY NON-TAXABLE NY (0%),,76-78 MALL DRIVE,COMMACK,NY,11725,223,NNY NON-TAXABLE NY (0%),No
"EPIC MECHANICAL, INC.",NNJ Non-Taxable Sales New Jersey (0%),,3320 ROUTE 66,NEPTUNE,NJ,7753,224,NNJ Non-Taxable Sales New Jersey (0%),No
EPIC SCHOOL,NNJ Non-Taxable Sales New Jersey (0%),,238 N. FAIRVIEW AVE.,PARAMUS,NJ,7652,225,NNJ Non-Taxable Sales New Jersey (0%),Yes
EQUITY RESIDENTIAL,,,ATTN:  ACCOUNTS PAYABLE,AUGUSTA,GA,30901,227,,
ESSEX REGIONAL EDUCATION SERVICES COMMISS,NNJ Non-Taxable Sales New Jersey (0%),,333 FAIRFIELD ROAD,FAIRFIELD,NJ,7004,229,NNJ Non-Taxable Sales New Jersey (0%),No
"ESTOCK PIPING CO., LLC",NNJ Non-Taxable Sales New Jersey (0%),,569 CHESTERFIELD-ARNEYTOWN ROAD,CHESTERFIELD,NJ,8515,967,NNJ Non-Taxable Sales New Jersey (0%),
EVCO MECHANICAL,NNJ Non-Taxable Sales New Jersey (0%),,44 STANDISH AVENUE,WEST ORANGE,NJ,7052,795,NNJ Non-Taxable Sales New Jersey (0%),No
EVESHAM TOWNSHIP SCHOOL DISTRICT (ESCNJ),NNJ Non-Taxable Sales New Jersey (0%),,25 SOUTH MAPLE AVENUE,MARLTON,NJ,8053,908,NNJ Non-Taxable Sales New Jersey (0%),Yes
EXECUTIVE IV NORTH ASSOCIATES (LYNMARK),NYR NY ROCKLAND SALES TAX (8.375%),,4 EXECUTIVE BLVD.  SUITE 200,SUFFERN,NY,10901,232,NYR NY ROCKLAND SALES TAX (8.375%),No
FACTORY LESSOR LLC,NNY NON-TAXABLE NY (0%),,"C/O ATLAS CAPITAL GROUP, LLC",NEW YORK,NY,10022,235,NNY NON-TAXABLE NY (0%),Yes
FALASCA MECHANICAL,NNJ Non-Taxable Sales New Jersey (0%),,3329 N. MILL ROAD,VINELAND,NJ,8360,237,NNJ Non-Taxable Sales New Jersey (0%),No
F & G MECHANICAL CORP.,NNJ Non-Taxable Sales New Jersey (0%),,348 NEW COUNTY ROAD,SECAUCUS,NJ,7094,234,NNJ Non-Taxable Sales New Jersey (0%),Yes
FIRST CHOICE MECHANICAL INC,NNY NON-TAXABLE NY (0%),,92-13 183RD STREET,JAMAICA,NY,11423,240,NNY NON-TAXABLE NY (0%),No
FIRST GOAL HEATING & COOLING,NNJ Non-Taxable Sales New Jersey (0%),,271 EAST BLACKWELL ST,DOVER,NJ,7801,241,NNJ Non-Taxable Sales New Jersey (0%),No
FLEMINGTON-RARITAN REG SCHL DIST (ESCNJ),NNJ Non-Taxable Sales New Jersey (0%),,50 COURT STREET,FLEMINGTON,NJ,8822,755,NNJ Non-Taxable Sales New Jersey (0%),No
FLORIDA UFSD (ED-DATA),NNY NON-TAXABLE NY (0%),,51 NORTH MAIN STREET,FLORIDA,NY,10921-0757,245,NNY NON-TAXABLE NY (0%),No
FORT LEE PUBLIC SCHOOLS,NNJ Non-Taxable Sales New Jersey (0%),,"231 MAIN STREET, 3RD FLOOR",FORT LEE,NJ,7024,246,NNJ Non-Taxable Sales New Jersey (0%),No
FORWARD HEATING,NNY NON-TAXABLE NY (0%),,55-54 60TH STREET,MASPETH,NY,11378,897,NNY NON-TAXABLE NY (0%),No
FRANKLIN BOROUGH BOARD OF EDUCATION,NNJ Non-Taxable Sales New Jersey (0%),,50 WASHINGTON AVE,FRANKLIN,NJ,7416,951,NNJ Non-Taxable Sales New Jersey (0%),
FRANKLIN BOROUGH B.O.E. (ESCNJ),NNJ Non-Taxable Sales New Jersey (0%),,50 WASHINGTON AVE,FRANKLIN,NJ,7416,1005,NNJ Non-Taxable Sales New Jersey (0%),
FRANKLIN TOWNSHIP B.O.E. (ESCNJ),NNJ Non-Taxable Sales New Jersey (0%),,1760 AMWELL ROAD,SOMERSET,NJ,8873,249,NNJ Non-Taxable Sales New Jersey (0%),No
FRANKOSKI CONSTRUCTION,NNJ Non-Taxable Sales New Jersey (0%),,314 DODD STREET,EAST ORANGE,NJ,7017,860,NNJ Non-Taxable Sales New Jersey (0%),No
FREDON TOWNSHIP B.O.E. (ESCNJ),NNJ Non-Taxable Sales New Jersey (0%),,459 ROUTE 94,NEWTON,NJ,7860,251,NNJ Non-Taxable Sales New Jersey (0%),No
FRENCHTOWN BOARD OF EDUCATION,NNJ Non-Taxable Sales New Jersey (0%),,902 HARRISON STREET,FRENCHTOWN,NJ,8825,252,NNJ Non-Taxable Sales New Jersey (0%),No
GAP INC.,TNYC NYC SALES TAX (8.875%),,ACCOUNTS PAYABLE,ALBUQUERQUE,NM,87102,256,TNYC NYC SALES TAX (8.875%),Yes
GARDNER PUBLIC SCHOOLS,NMA NON-TAXABLE MA (0%),,95 PLEASANT STREET,GARDNER,MA,1440,832,NMA NON-TAXABLE MA (0%),
"G/BA COMMISSIONING SERVICES, INC.",NNJ Non-Taxable Sales New Jersey (0%),,"36-42 NEWARK STREET, SUITE 402",HOBOKEN,NJ,7030,779,NNJ Non-Taxable Sales New Jersey (0%),No
GDO CONTRACTING CORP,NNY NON-TAXABLE NY (0%),,10-34 44TH DRIVE,LONG ISLAND CITY,NY,11101,257,NNY NON-TAXABLE NY (0%),No
GDS MECHANICAL INC.,NNJ Non-Taxable Sales New Jersey (0%),,"39 EAST HANOVER AVE, SUITE C-2",MORRIS PLAINS,NJ,7950,1052,NNJ Non-Taxable Sales New Jersey (0%),
"GELEST, INC.",TPA PA SALES TAX (6%),Purchasing@gelest.com,11 East Steel Road,Morrisville,PA,19067,1006,TPA PA SALES TAX (6%),
GEORGE S. HALL INC.,NNJ Non-Taxable Sales New Jersey (0%),,4 GATEHALL DRIVE,PARSIPPANY,NJ,7054,258,NNJ Non-Taxable Sales New Jersey (0%),No
GILBANE BUILDING CO.,NNJ Non-Taxable Sales New Jersey (0%),,"120 ALBANY ST., SUITE 301",NEW BRUNSWICK,NJ,8901,262,NNJ Non-Taxable Sales New Jersey (0%),No
GIRL SCOUTS OF THE USA,NNY NON-TAXABLE NY (0%),,AMERICA,BRIARCLIFF MANOR,NY,10510,263,NNY NON-TAXABLE NY (0%),Yes
GLEN RIDGE PUBLIC LIBRARY,NNJ Non-Taxable Sales New Jersey (0%),,240 RIDGEWOOD AVE,GLEN RIDGE,NJ,7028,265,NNJ Non-Taxable Sales New Jersey (0%),Yes
GOYETTE MECHANICAL,,,3842 GOREY AVE.,FLINT,MI,48501,268,,
GRAMERCY SQUARE CONDOMINIUM,TNYC NYC SALES TAX (8.875%),,"25 EAST 21ST STREET
c/o DOUGLAS ELLIMAN PROPERTY MANAGEMENT",New York,NY,10010,821,TNYC NYC SALES TAX (8.875%),No
GreenGen,,,"8120 Woodmont Avenue
Suite 350",Bethesda,MD,20814,1067,,
GREEN TOWNSHIP BOARD OF EDUCATION (ESCNJ),NNJ Non-Taxable Sales New Jersey (0%),,69 MACKERLY ROAD,GREEN,NJ,7860,781,NNJ Non-Taxable Sales New Jersey (0%),No
Grumman Butkus Associates,,,,,,,1062,,
"GRUNDMAN MECHANICAL SYSTEMS, INC.",NNY NON-TAXABLE NY (0%),,835 FRANKLIN AVE.,THORNWOOD,NY,10594,272,NNY NON-TAXABLE NY (0%),No
GUTTENBERG BOARD OF EDUCATION (ESCNJ),NNJ Non-Taxable Sales New Jersey (0%),,301-69TH STREET,GUTENBERG,NJ,7093,274,NNJ Non-Taxable Sales New Jersey (0%),No
HACKENSACK BOARD OF EDUCATION,NNJ Non-Taxable Sales New Jersey (0%),,191 SECOND STREET,HACKENSACK,NJ,7601,278,NNJ Non-Taxable Sales New Jersey (0%),No
HACKETTSTOWN SCHOOL DISTRICT,NNJ Non-Taxable Sales New Jersey (0%),,315 WASHINGTON ST.,HACKETTSTOWN,NJ,7840,279,NNJ Non-Taxable Sales New Jersey (0%),No
HAMILTON TOWNSHIP BOE,NNJ Non-Taxable Sales New Jersey (0%),,90 PARK AVENUE,HAMILTON,NJ,8690,280,NNJ Non-Taxable Sales New Jersey (0%),No
HAMILTON TOWNSHIP BOE (ESCNJ),NNJ Non-Taxable Sales New Jersey (0%),,90 PARK AVENUE,HAMILTON,NJ,8690,849,NNJ Non-Taxable Sales New Jersey (0%),No
HAMPTON SCHOOL DISTRICT (ESCNJ),NNJ Non-Taxable Sales New Jersey (0%),,32-41 SOUTH STREET,HAMPTON,NJ,8827,284,NNJ Non-Taxable Sales New Jersey (0%),Yes
HAMPTON TOWNSHIP BOARD OF EDUCATION,NNJ Non-Taxable Sales New Jersey (0%),,1 SCHOOL RD,NEWTON,NJ,7860,966,NNJ Non-Taxable Sales New Jersey (0%),
"HANNA'S MECHANICAL CONTRACTORS, INC.",NNJ Non-Taxable Sales New Jersey (0%),,44 NORTH MAIN STREET,MILLTOWN,NJ,8850,285,NNJ Non-Taxable Sales New Jersey (0%),No
HARBOUR MECHANICAL CORP.,NNJ Non-Taxable Sales New Jersey (0%),,1332 CLINTON STREET,HOBOKEN,NJ,7030,286,NNJ Non-Taxable Sales New Jersey (0%),No
HARDYSTON BOARD OF EDUCATION,NNJ Non-Taxable Sales New Jersey (0%),,183 WHEATSWORTH ROAD,HAMBURG,NJ,7416,943,NNJ Non-Taxable Sales New Jersey (0%),Yes
HARRISON TOWNSHIP BOE,NNJ Non-Taxable Sales New Jersey (0%),,120 N. MAIN STREET,MULLICA HILL,NJ,8062,1004,NNJ Non-Taxable Sales New Jersey (0%),
HASBROUCK HEIGHTS B.O.E. (ESCNJ),NNJ Non-Taxable Sales New Jersey (0%),,379 BOULEVARD,HASBROUCK HEIGHTS,NJ,7604,289,NNJ Non-Taxable Sales New Jersey (0%),No
HAUSER BROS. INC.,NNY NON-TAXABLE NY (0%),,17 OLD SCHOOLHOUSE LANE,ORANGEBURG,NY,10962,291,NNY NON-TAXABLE NY (0%),No
"HEALTH ALLIANCE, INC.",NNY NON-TAXABLE NY (0%),,105 MARY'S AVE.,KINGSTON,NY,12401,295,NNY NON-TAXABLE NY (0%),
HEALTHYLINE,NNY NON-TAXABLE NY (0%),,515 7TH AVE,NEW YORK,NY,10018,761,NNY NON-TAXABLE NY (0%),Yes
HENICK-LANE SERVICE CORP,NNY NON-TAXABLE NY (0%),,45-39 DAVIS STREET,LONG ISLAND CITY,NY,11101,297,NNY NON-TAXABLE NY (0%),Yes
HEWLETT-WOODMERE PUBLIC LIBRARY,NNY NON-TAXABLE NY (0%),,1125 BROADWAY,HEWLETT,NY,11557,298,NNY NON-TAXABLE NY (0%),Yes
"HHS GOVERNMENT SERVICES, LLC",,,12495 SILVER CREEK RD,DRIPPING SPRINGS,TX,78620,299,,
HIGHLAND PARK BOARD OF EDUCATION (ESCNJ),NNJ Non-Taxable Sales New Jersey (0%),,435 MANSFIELD STREET,HIGHLAND PARK,NJ,8904,803,NNJ Non-Taxable Sales New Jersey (0%),No
HIGH POINT REGIONAL HIGH SCHOOL (ESCNJ),NNJ Non-Taxable Sales New Jersey (0%),,299 PIDGEON HILL RD,SUSSEX,NJ,7461,1065,NNJ Non-Taxable Sales New Jersey (0%),
HILLSBOROUGH TOWNSHIP PUBLIC SCHOOLS,NNJ Non-Taxable Sales New Jersey (0%),,379 SOUTH BRANCH ROAD,HILLSBOROUGH,NJ,8844,730,NNJ Non-Taxable Sales New Jersey (0%),Yes
HILLSBOROUGH TWP B.O.E. (ESCNJ),NNJ Non-Taxable Sales New Jersey (0%),,379 South Branch Road,Hillsborough,NJ,8844,813,NNJ Non-Taxable Sales New Jersey (0%),Yes
HILTON REALTY CO. LLC,TNJ NJ SALES TAX (6.625%),,902 CARNEGIE CENTER BLVD.,PRINCETON,NJ,8504,304,TNJ NJ SALES TAX (6.625%),No
"HI TECH AIR CONDITIONING SERVICES, INC",NNY NON-TAXABLE NY (0%),,60 OTIS ST,WEST BABYLON,NY,11704,300,NNY NON-TAXABLE NY (0%),No
HOLY NAME MEDICAL CENTER,NNJ Non-Taxable Sales New Jersey (0%),,718 TEANECK ROAD,TEANECK,NJ,7666,306,NNJ Non-Taxable Sales New Jersey (0%),No
HONEYWELL INC.,NNJ Non-Taxable Sales New Jersey (0%),,ACS ACCOUNTS PAYABLE,EL PASO,TX,79998-1234,307,NNJ Non-Taxable Sales New Jersey (0%),Yes
HONG KONG TRADE DEVELOPMENT,NNY NON-TAXABLE NY (0%),,219 EAST 46TH STREET,NEW YORK,NY,10017,308,NNY NON-TAXABLE NY (0%),No
"HORIZON MECHANICAL CO., INC",NNJ Non-Taxable Sales New Jersey (0%),,891 BLOOMFIELD AVE.,CLIFTON,NJ,7012,309,NNJ Non-Taxable Sales New Jersey (0%),No
H & S CONSTRUCTION & MECHANICAL INC.,NNJ Non-Taxable Sales New Jersey (0%),,721 BAYWAY AVENUE,ELIZABETH,NJ,7202,275,NNJ Non-Taxable Sales New Jersey (0%),No
HUDSON COUNTY SCHOOLS OF TECH (ESCNJ),NNJ Non-Taxable Sales New Jersey (0%),,HUDSON COUNTY SCHOOLS OF TECHNOLOGY,SECAUCUS,NJ,7094,312,NNJ Non-Taxable Sales New Jersey (0%),Yes
HUDSON INC.,NNJ Non-Taxable Sales New Jersey (0%),,7 JONES PLACE,JERSEY CITY,NJ,7306,314,NNJ Non-Taxable Sales New Jersey (0%),No
HUGHES ENVIRONMENTAL,NNJ Non-Taxable Sales New Jersey (0%),,14 LEIGHTON PLACE,MAHWAH,NJ,7430,315,NNJ Non-Taxable Sales New Jersey (0%),Yes
HVAK MECHANICAL CORPORATION,NNY NON-TAXABLE NY (0%),,34-02A REVIEW AVE. P.O. BOX 1518,LONG ISLAND CITY,NY,11101,987,NNY NON-TAXABLE NY (0%),
HYE TECH MECHANICAL LLC,NNJ Non-Taxable Sales New Jersey (0%),,556 N RT 17 SUITE 5 #334,PARAMUS,NJ,7652,317,NNJ Non-Taxable Sales New Jersey (0%),No
ICC (INDUSTRIAL COOLING CORP),NNJ Non-Taxable Sales New Jersey (0%),,70 LIBERTY STREET,METUCHEN,NJ,8840,318,NNJ Non-Taxable Sales New Jersey (0%),No
"ICON CONTRACTORS, LLC",NNJ Non-Taxable Sales New Jersey (0%),INFO@ICONCONTRACTORS.NET,362 ROSELAND AVENUE,ESSEX FELLS,NJ,7021,872,NNJ Non-Taxable Sales New Jersey (0%),No
IDK COOLING CORPORATION,NNY NON-TAXABLE NY (0%),,"30-30 47TH AVENUE, SUITE 660",LONG ISLAND CITY,NY,11101,320,NNY NON-TAXABLE NY (0%),No
IEEE (NON-TAXABLE),NNJ Non-Taxable Sales New Jersey (0%),,445 HOES LANE,PISCATAWAY,NJ,08855-1331,321,NNJ Non-Taxable Sales New Jersey (0%),Yes
IH HARP NEWARK LLC,TNJ NJ SALES TAX (6.625%),,100 INTERNATIONAL BLVD,ELIZABETH,NJ,7201,921,TNJ NJ SALES TAX (6.625%),No
IN-LINE AIR CONDITIONING CO.,NNJ Non-Taxable Sales New Jersey (0%),,85 EAST 21ST STREET,BAYONNE,NJ,7002,322,NNJ Non-Taxable Sales New Jersey (0%),No
INSHALLAH MECHANICAL CORPORATION,NNY NON-TAXABLE NY (0%),,193 WEST HILLS ROAD,HUNTINGTON,NY,11746,324,NNY NON-TAXABLE NY (0%),No
INSIGHT PARTNERS,TNYC NYC SALES TAX (8.875%),,1114 AVENUE OF THE AMERICAS,NEW YORK,NY,10036,325,TNYC NYC SALES TAX (8.875%),Yes
INTEGRAL CONTRACTING GROUP LLC,NNY NON-TAXABLE NY (0%),,395 ADAMS ST.,BEFORD HILLS,NY,10507,326,NNY NON-TAXABLE NY (0%),No
"INTERNATIONAL FLAVOURS & FRAGRANCES, INC.",TNYC NYC SALES TAX (8.875%),,PO BOX 8,HAZLET,NJ,07730-0008,329,TNYC NYC SALES TAX (8.875%),No
IQ ELECTRICAL CONTRACTING CORP,NNJ Non-Taxable Sales New Jersey (0%),,"417 5TH AVE, 8TH FLOOR",NEW YORK,NY,10016,968,NNJ Non-Taxable Sales New Jersey (0%),
IRON MOUNTAIN MECHANICAL,NNJ Non-Taxable Sales New Jersey (0%),,132 MT PLEASANT RD,COLUMBIA,NJ,7832,330,NNJ Non-Taxable Sales New Jersey (0%),No
IRVINGTON BOARD OF EDUCATION (ESCNJ),NNJ Non-Taxable Sales New Jersey (0%),,"1 UNIVERSITY PLACE, 4TH FLOOR",IRVINGTON,NJ,7111,796,NNJ Non-Taxable Sales New Jersey (0%),No
ISLAMIC CENTER OF LONG ISLAND,NNY NON-TAXABLE NY (0%),,835 BRUSH HOLLOW ROAD,WESTBURY,NY,11590,331,NNY NON-TAXABLE NY (0%),No
ISLAND PARK UFSD (ED-DATA),NNY NON-TAXABLE NY (0%),,99 RADCLIFFE ROAD,ISLAND PARK,NY,11558,333,NNY NON-TAXABLE NY (0%),No
ISUS A JOINT VENTURE,TNJ NJ SALES TAX (6.625%),,76 SOUTH ORANGE AVENUE,SOUTH ORANGE,NJ,7079,334,TNJ NJ SALES TAX (6.625%),No
JACKIE ROBINSON FOUNDATION,NNY NON-TAXABLE NY (0%),,75 VARICK STREET,NEW YORK,NY,10013,733,NNY NON-TAXABLE NY (0%),Yes
JACK RESNICK & SONS,TNYC NYC SALES TAX (8.875%),,110 EAST 59TH STREET,NEW YORK,NY,10022,340,TNYC NYC SALES TAX (8.875%),No
Jaco Mechanical Inc.,,jacomechanical@gmail.com,2980 Bruckner Boulevard,Bronx,NY,10465,925,,No
JAIN CENTER OF NEW JERSEY,,,111 Cedar Grove Lane,Somerset,NJ,8873,956,,
"JAM SERVICE CO., INC.",,,125-06 18th Avenue,New York,NY,11356,871,,No
JDDC ELEMENTAL LLC,TNYC NYC SALES TAX (8.875%),,431 W 31st Street,New York,NY,10001,866,TNYC NYC SALES TAX (8.875%),No
"JDP MECHANICAL, INC.",NNY NON-TAXABLE NY (0%),,24-39 44TH STREET,ASTORIA,NY,11103,1018,NNY NON-TAXABLE NY (0%),
JEFFERSON TOWNSHIP B.O.E. (ESCNJ),NNJ Non-Taxable Sales New Jersey (0%),,31 STATE ROUTE 181,LAKE HOPATCONG,NJ,7849,346,NNJ Non-Taxable Sales New Jersey (0%),No
JERSEY MECHANICAL,NNJ Non-Taxable Sales New Jersey (0%),,5006 INDUSTRIAL ROAD,FARMINGDALE,NJ,7727,347,NNJ Non-Taxable Sales New Jersey (0%),No
J&J WORLDWIDE SERVICES,NNY NON-TAXABLE NY (0%),,"730 COOL SPRINGS BOULEVARD, SUITE 650",FRANKLIN,TN,37067,894,NNY NON-TAXABLE NY (0%),
JLL/41 FLATBUSH,TNYC NYC SALES TAX (8.875%),,41 FLATBUSH AVENUE,BROOKLYN,NY,11217,1046,TNYC NYC SALES TAX (8.875%),
JLL/545 LONG WHARF,NCT NON-TAXABLE CT (0%),,545 LONG WHARF,NEW HAVEN,CT,6510,348,NCT NON-TAXABLE CT (0%),No
JLL/BMW,,,C/O MAILSTOP# 48638-34520746,PORTLAND,OR,97208-4817,349,,Yes
JLL/CAPITAL ONE,,,15000 CAPITAL ONE DRIVE,RICHMOND,VA,23238,350,,Yes
J&M HEATING AND AC INC,NNY NON-TAXABLE NY (0%),,395 ADAMS STREET,BEDFORD HILLS,NY,10507,335,NNY NON-TAXABLE NY (0%),No
"Johnson Controls, Inc.",,,,,,,1058,,
JOINT BASE MCGUIRE-DIX-LAKEHURST,NNJ Non-Taxable Sales New Jersey (0%),,3104 TUSKEGEE AIRMEN AVE,MCGUIRE AFB,NJ,08641-5119,989,NNJ Non-Taxable Sales New Jersey (0%),
JONES LANG LASALLE,TNJ NJ SALES TAX (6.625%),,400 ATRIUM DRIVE,SOMERSET,NJ,8873,353,TNJ NJ SALES TAX (6.625%),No
JOSEPH M. SANZARI INC.,NNJ Non-Taxable Sales New Jersey (0%),,100 WEST FRANKLIN STREET,HACKENSACK,NJ,7601,354,NNJ Non-Taxable Sales New Jersey (0%),No
"JRM CONSTRUCTION MANAGEMENT, LLC",TNYC NYC SALES TAX (8.875%),,242 WEST 36TH ST.,NEW YORK,NY,10018,355,TNYC NYC SALES TAX (8.875%),No
JT&T AIR CONDITIONING CORP,NNY NON-TAXABLE NY (0%),,64-54 MAURICE AVENUE,MASPETH,NY,11378,356,NNY NON-TAXABLE NY (0%),No
J.W. POOLE INC.,NNJ Non-Taxable Sales New Jersey (0%),,PO BOX 1237,Hightstown,NJ,8520,901,NNJ Non-Taxable Sales New Jersey (0%),No
KABACK ENTERPRISES,NNY NON-TAXABLE NY (0%),,318 WEST 39TH STREET,NEW YORK,NY,10018,359,NNY NON-TAXABLE NY (0%),No
KAPPA CONSTRUCTION,NNJ Non-Taxable Sales New Jersey (0%),,22 MERIDIAN RD,EATONTOWN,NJ,7727,360,NNJ Non-Taxable Sales New Jersey (0%),No
KASER MECHANICAL,NNJ Non-Taxable Sales New Jersey (0%),,1150 EAST BROAD STREET,BURLINGTON,NJ,8016,361,NNJ Non-Taxable Sales New Jersey (0%),No
"K&D CONTRACTORS, LLC",NNJ Non-Taxable Sales New Jersey (0%),,351 MONROE AVENUE,KENILWORTH,NJ,7033,358,NNJ Non-Taxable Sales New Jersey (0%),No
"KEN & DANA DESIGN, INC.",TNYC NYC SALES TAX (8.875%),,243 WEST 30TH STREET,NEW YORK,NY,10001,787,TNYC NYC SALES TAX (8.875%),No
KERI ENGINEERING PC,NNJ Non-Taxable Sales New Jersey (0%),,"911 Springfield Road
Suite 2",Union,NJ,7083,809,NNJ Non-Taxable Sales New Jersey (0%),No
KEYPORT PUBLIC SCHOOLS (ESCNJ),NNJ Non-Taxable Sales New Jersey (0%),,370 BROAD STREET,KEYPORT,NJ,7735,364,NNJ Non-Taxable Sales New Jersey (0%),No
Kimpton Hotel Palomar Philadelphia,,,,,,,1053,,
"KING STREET CAPITAL MANAGEMENT, L.P.",TNYC NYC SALES TAX (8.875%),,"299 PARK AVE., FLOOR 40",NEW YORK,NY,10171,368,TNYC NYC SALES TAX (8.875%),No
KNOWLTON TOWNSHIP BOARD OF EDUCATION,NNJ Non-Taxable Sales New Jersey (0%),,80 ROUTE 46,DELAWARE,NJ,7833,941,NNJ Non-Taxable Sales New Jersey (0%),No
LAFAYETTE TOWNSHIP BOARD OF EDUCATION,NNJ Non-Taxable Sales New Jersey (0%),,178 BEAVER RUN ROAD,LAFAYETTE,NJ,7848,942,NNJ Non-Taxable Sales New Jersey (0%),No
LAKELAND BOARD OF EDUCATION,NNJ Non-Taxable Sales New Jersey (0%),,205 CONKLINTOWN ROAD,WANAQUE,NJ,07465-2198,375,NNJ Non-Taxable Sales New Jersey (0%),No
LAKELAND BOARD OF EDUCATION (ESCNJ),NNJ Non-Taxable Sales New Jersey (0%),,205 CONKLINTOWN ROAD,WANAQUE,NJ,07465-2198,927,NNJ Non-Taxable Sales New Jersey (0%),Yes
"LANDMARK CONDO C/O ARGO REAL ESTATE, LLC",TNYC NYC SALES TAX (8.875%),,215 Degraw Street,BROOKLYN,NY,11231,376,TNYC NYC SALES TAX (8.875%),No
LANE ASSOCIATES,NNY NON-TAXABLE NY (0%),,3916 LONG BEACH ROAD,ISLAND PARK,NY,11558,377,NNY NON-TAXABLE NY (0%),No
"LB&B ASSOCIATES, INC",NNY NON-TAXABLE NY (0%),,P.O. BOX 2384,HOLTSVILLE,NY,11742-0906,765,NNY NON-TAXABLE NY (0%),Yes
LEBANON BOARD OF EDUCATION (ESCNJ),NNJ Non-Taxable Sales New Jersey (0%),,70 BUNNVALE ROAD,CALIFON,NJ,7830,877,NNJ Non-Taxable Sales New Jersey (0%),Yes
LENAPE REGIONAL HIGH SCHOOL DISTRICT,NNJ Non-Taxable Sales New Jersey (0%),,93 WILLOW GROVE ROAD,SHAMONG,NJ,8088,380,NNJ Non-Taxable Sales New Jersey (0%),No
LENAPE REGIONAL HS DISTRICT (ESCNJ),NNJ Non-Taxable Sales New Jersey (0%),,93 WILLOW GROVE ROAD,SHAMONG,NJ,8088,382,NNJ Non-Taxable Sales New Jersey (0%),No
"L G B MECHANICAL, INC.",NNJ Non-Taxable Sales New Jersey (0%),,555 NORTH ROUTE 73,WEST BERLIN,NJ,8091,369,NNJ Non-Taxable Sales New Jersey (0%),No
LIBERTY MECHANICAL CONTRACTORS,NNJ Non-Taxable Sales New Jersey (0%),,330-336 RAYMOND BLVD.,NEWARK,NJ,7105,383,NNJ Non-Taxable Sales New Jersey (0%),No
LIFE TIME,TNYC NYC SALES TAX (8.875%),,18 6TH AVE,BROOKLYN,NY,11217,1034,TNYC NYC SALES TAX (8.875%),
LINCOLN CENTER FOR THE PERFORMING ARTS,NNY NON-TAXABLE NY (0%),,70 LINCOLN CENTER PLAZA,NEW YORK,NY,10023,385,NNY NON-TAXABLE NY (0%),Yes
LINCOLN MORRISTOWN C/O LINQUE MGT,TNJ NJ SALES TAX (6.625%),,C/O LINQUE MANAGEMENT,MORRISTOWN,NJ,7960,386,TNJ NJ SALES TAX (6.625%),No
LITTLE FALLS SCHOOL DISTRICT (ESCNJ),NNJ Non-Taxable Sales New Jersey (0%),,32 STEVENS AVE.,LITTLE FALLS,NJ,7424,389,NNJ Non-Taxable Sales New Jersey (0%),No
L&M HEATING AND COOLING LLC.,NNJ Non-Taxable Sales New Jersey (0%),,33 OXFORD ROAD,MANALAPAN,NJ,7726,370,NNJ Non-Taxable Sales New Jersey (0%),No
LODI B.O.E. (ESCNJ),NNJ Non-Taxable Sales New Jersey (0%),,8 HUNTER STREET,LODI,NJ,7644,390,NNJ Non-Taxable Sales New Jersey (0%),Yes
"LTF CONSTRUCTION COMPANY, LLC",NNY NON-TAXABLE NY (0%),,2900 CORPORATE PLACE,CHANHASSEN,MN,55317,828,NNY NON-TAXABLE NY (0%),
LYNDHURST BOARD OF EDUCATION,NNJ Non-Taxable Sales New Jersey (0%),,420 FERN AVE.,LYNDHURST,NJ,7071,394,NNJ Non-Taxable Sales New Jersey (0%),No
"LYNMARK CONSTRUCTION MANAGEMENT CO., INC.",NNY NON-TAXABLE NY (0%),,"4 EXECUTIVE BLVD, SUITE 200",SUFFERN,NY,10901,395,NNY NON-TAXABLE NY (0%),No
MACK-CALI REALTY CORPORATION,TNJ NJ SALES TAX (6.625%),,C/O MACK-CALI REALTY A/P DEPT,EDISON,NJ,08818-7810,399,TNJ NJ SALES TAX (6.625%),No
MADISON BOARD OF EDUCATION (ESCNJ),NNJ Non-Taxable Sales New Jersey (0%),,359 WOODLAND ROAD,MADISON,NJ,7940,783,NNJ Non-Taxable Sales New Jersey (0%),No
MADISON MEDICAL PRACTICE PC,NNY NON-TAXABLE NY (0%),,35 WEST 36TH ST. 4W,NEW YORK,NY,10018,400,NNY NON-TAXABLE NY (0%),No
"MAGIC TOUCH CONSTRUCTION CO, INC.",NNJ Non-Taxable Sales New Jersey (0%),,59 WEST FRONT STREET,KEYPORT,NJ,7735,401,NNJ Non-Taxable Sales New Jersey (0%),No
MAHWAH TOWNSHIP B.O.E. (ESCNJ),NNJ Non-Taxable Sales New Jersey (0%),,ADMINISTRATIVE OFFICES,MAHWAH,NJ,7430,402,NNJ Non-Taxable Sales New Jersey (0%),No
MAJOR LEAGUE BASEBALL,,,1271 AVENUE OF THE AMERICAS,NEW YORK,NY,10019,896,,No
MANA WINE STORAGE,TNJ NJ SALES TAX (6.625%),,227 COLES STREET,JERSEY CITY,NJ,7310,404,TNJ NJ SALES TAX (6.625%),No
"MANHATTAN MECHANICAL CONTRACTORS, INC.",NNY NON-TAXABLE NY (0%),,227 WEST 29TH STREET,NEW YORK,NY,10001,405,NNY NON-TAXABLE NY (0%),No
MANSFIELD TOWNSHIP B.O.E. (ESCNJ),NNJ Non-Taxable Sales New Jersey (0%),,50 PORT MURRAY ROAD,PORT MURRAY,NJ,7865,406,NNJ Non-Taxable Sales New Jersey (0%),No
MANVILLE BOARD OF EDUCATION (ESCNJ),NNJ Non-Taxable Sales New Jersey (0%),,1100 BROOKS BOULEVARD,MANVILLE,NJ,8835,750,NNJ Non-Taxable Sales New Jersey (0%),No
MARGARITAVILLE HOTEL & RETAIL,TNYC NYC SALES TAX (8.875%),,560 SEVENTH AVE,NEW YORK,NY,10018,408,TNYC NYC SALES TAX (8.875%),No
MARION P. THOMAS CHARTER SCHOOL,NNJ Non-Taxable Sales New Jersey (0%),JARCE@MPtCS.ORG,125 SUSSEX AVENUE,NEWARK,NJ,7103,748,NNJ Non-Taxable Sales New Jersey (0%),No
"MARK ANTHONY BREWING, INC",TNJ NJ SALES TAX (6.625%),,145 SOUTH WELLS STREET,CHICAGO,IL,60603,772,TNJ NJ SALES TAX (6.625%),
MARLBORO TOWNSHIP B.O.E. (ESCNJ),NNJ Non-Taxable Sales New Jersey (0%),,1980 TOWNSHIP DRIVE,MARLBORO,NJ,7746,410,NNJ Non-Taxable Sales New Jersey (0%),No
"MARTIN ASSOCIATES, INC.",NNY NON-TAXABLE NY (0%),,417 SOUTH MAIN STREET,FREEPORT,NY,11520,412,NNY NON-TAXABLE NY (0%),No
MASONIC CARE NEW ROCHELLE,TNYC NYC SALES TAX (8.875%),,71 WEST 23RD STREET,NEW YORK,NY,10010,414,TNYC NYC SALES TAX (8.875%),Yes
MATAWAN-ABERDEEN REG SD (ESCNJ),NNJ Non-Taxable Sales New Jersey (0%),,1 CREST WAY,ABERDEEN,NJ,7747,416,NNJ Non-Taxable Sales New Jersey (0%),No
MAXWELL PLACE CONDO ASSOCIATION,TNJ NJ SALES TAX (6.625%),,1100 MAXWELL LANE,HOBOKEN,NJ,7030,417,TNJ NJ SALES TAX (6.625%),No
MCCANN WORLDGROUP,TNYC NYC SALES TAX (8.875%),,622 THIRD AVE,NEW YORK,NY,10017,923,TNYC NYC SALES TAX (8.875%),No
MCCLOSKEY MECHANICAL,NNJ Non-Taxable Sales New Jersey (0%),,445 LOWER LANDING RD,BLACKWOOD,NJ,8012,419,NNJ Non-Taxable Sales New Jersey (0%),No
MEADOWS LANDMARK LLC,TNJ NJ SALES TAX (6.625%),,201 STATE ROUTE 17 NORTH,RUTHERFORD,NJ,7070,421,TNJ NJ SALES TAX (6.625%),Yes
"MECHANICAL PRESERVATION ASSOCIATES, INC.",NNJ Non-Taxable Sales New Jersey (0%),,399 ROYCE ROAD,HILLSBOROUGH,NJ,8844,423,NNJ Non-Taxable Sales New Jersey (0%),No
"MEGA CONTRACTING GROUP, LLC",NNY NON-TAXABLE NY (0%),,"48-02 25TH AVENUE, SUITE 400",ASTORIA,NY,11103,768,NNY NON-TAXABLE NY (0%),No
MEMORIAL SLOAN KETTERING,NNJ Non-Taxable Sales New Jersey (0%),,136 MOUNTAINVIEW BLVD.,BASKING RIDGE,NJ,7920,426,NNJ Non-Taxable Sales New Jersey (0%),Yes
MENDHAM TOWNSHIP BOE (ESCNJ),NNJ Non-Taxable Sales New Jersey (0%),,"6 EAST MAIN ST, P.O. BOX 510",BROOKSIDE,NJ,7926,969,NNJ Non-Taxable Sales New Jersey (0%),
MENGLER MECHANICAL,NNY NON-TAXABLE NY (0%),,1689 ROUTE 22,BREWSTER,NY,10509,838,NNY NON-TAXABLE NY (0%),No
MERCER COUNTY COMMUNITY COLLEGE,,,,,,,1022,,
"MERIDIAN MECHANICAL, INC.",NNY NON-TAXABLE NY (0%),,405 RXR PLAZA,UNIONDALE,NY,11553,428,NNY NON-TAXABLE NY (0%),No
"MERIDIAN PROPERTY SERVICES, INC.",TNJ NJ SALES TAX (6.625%),,3024 SOUTH BROAD STREET,HAMILTON,NJ,8610,429,TNJ NJ SALES TAX (6.625%),No
"META SURGICAL ASSOCIATES, LLC",NNJ Non-Taxable Sales New Jersey (0%),,6 CHESTNUT RIDGE ROAD,MONTVALE,NJ,7645,430,NNJ Non-Taxable Sales New Jersey (0%),No
"MIAMI INTERNATIONAL HOLDINGS, INC.",TNJ NJ SALES TAX (6.625%),,"7 ROSZEL ROAD, SUITE A",PRINCETON,NJ,8540,431,TNJ NJ SALES TAX (6.625%),No
MIDDLESEX BOARD OF EDUCATION (ESCNJ),NNJ Non-Taxable Sales New Jersey (0%),,300 JOHN F. KENNEDY DR,MIDDLESEX,NJ,8846,799,NNJ Non-Taxable Sales New Jersey (0%),No
MIDDLETOWN TOWNSHIP B.O.E. (ESCNJ),NNJ Non-Taxable Sales New Jersey (0%),,834 LEONARDVILLE ROAD,MIDDLETOWN,NJ,7737,757,NNJ Non-Taxable Sales New Jersey (0%),No
"MILLER REMICK, LLC",NNY NON-TAXABLE NY (0%),office@miller-remick.com,"1040 North Kings Highway
Suite 700",Cherry Hill,NJ,8034,924,NNY NON-TAXABLE NY (0%),No
"MODULAR DEVICES ACQUISITION, LLC",NNY NON-TAXABLE NY (0%),,1515 BROOKVILLE CROSSING WAY,INDIANAPOLIS,IN,46239,1049,NNY NON-TAXABLE NY (0%),
MONMOUTH COUNTY SPCA,NNJ Non-Taxable Sales New Jersey (0%),,260 WALL STREET,EATONTOWN,NJ,7724,904,NNJ Non-Taxable Sales New Jersey (0%),No
MONMOUTH UNIVERSITY,NNJ Non-Taxable Sales New Jersey (0%),,400 CEDAR AVENUE,WEST LONG BRANCH,NJ,7764,437,NNJ Non-Taxable Sales New Jersey (0%),No
MONTCLAIR BOARD OF EDUCATION (ESCNJ),NNJ Non-Taxable Sales New Jersey (0%),,22 VALLEY ROAD,MONTCLAIR,NJ,7042,439,NNJ Non-Taxable Sales New Jersey (0%),No
MONTGOMERY TOWNSHIP BOE (ESCNJ),NNJ Non-Taxable Sales New Jersey (0%),,1014 ROUTE 601,SKILLMAN,NJ,8558,440,NNJ Non-Taxable Sales New Jersey (0%),No
MONTVALE BOARD OF EDUCATION,NNJ Non-Taxable Sales New Jersey (0%),,47 SPRING VALLEY RD,MONTVALE,NJ,7645,962,NNJ Non-Taxable Sales New Jersey (0%),
MONTVILLE TOWNSHIP B.O.E. (ESCNJ),NNJ Non-Taxable Sales New Jersey (0%),,86 RIVER ROAD,MONTVILLE,NJ,7045,443,NNJ Non-Taxable Sales New Jersey (0%),No
"MORE AIR MECHANICAL SERVICE CO., INC.",,,95-13 ASTORIA BLVD,EAST ELMHURST,NY,11369,983,,
MORRIS CC IV INVESTORS LLC,TNJ NJ SALES TAX (6.625%),,2929 ARCH STREET,PHILADELPHIA,PA,19104,886,TNJ NJ SALES TAX (6.625%),
MORRIS COUNTY SCHOOL OF TECH (ESCNJ),NNJ Non-Taxable Sales New Jersey (0%),,400 EAST MAIN STREET,DENVILLE,NJ,7834,447,NNJ Non-Taxable Sales New Jersey (0%),No
MORRIS HILLS REG. SCHOOL DISTRICT (ESCNJ),NNJ Non-Taxable Sales New Jersey (0%),,48 KNOLL DRIVE,ROCKAWAY,NJ,7866,759,NNJ Non-Taxable Sales New Jersey (0%),No
MORRIS SCHOOL DISTRICT (ESCNJ),NNJ Non-Taxable Sales New Jersey (0%),,31 HAZEL STREET,MORRISTOWN,NJ,7960,974,NNJ Non-Taxable Sales New Jersey (0%),
MORRIS-UNION JOINTURE COMMISSION (ESCNJ),NNJ Non-Taxable Sales New Jersey (0%),,340 CENTRAL AVENUE,NEW PROVIDENCE,NJ,7974,1043,NNJ Non-Taxable Sales New Jersey (0%),
MOUNTAIN LAKES BOARD OF EDUCATION,NNJ Non-Taxable Sales New Jersey (0%),,96 POWERVILLE RD,MOUNTAIN LAKES,NJ,7046,957,NNJ Non-Taxable Sales New Jersey (0%),
MOUNT OLIVE TOWNSHIP SCHOOLS (ESCNJ),NNJ Non-Taxable Sales New Jersey (0%),,277 ROUTE 206,FLANDERS,NJ,7836,448,NNJ Non-Taxable Sales New Jersey (0%),No
MPS MECHANICAL LLC,NNJ Non-Taxable Sales New Jersey (0%),,"706 ROUTE 15 SOUTH, SUITE 206",LAKE HOPATCONG,NJ,7849,450,NNJ Non-Taxable Sales New Jersey (0%),No
MPS SERVICES & MAINTENANCE LLC,NNJ Non-Taxable Sales New Jersey (0%),,"706 ROUTE 15 SOUTH, SUITE 206",LAKE HOPATCONG,NJ,7849,1000,NNJ Non-Taxable Sales New Jersey (0%),
MSM EQUITIES,TNYW NY WESTCHESTER SALES TAX (8.375%),,100 CRYSTAL RUN RD,MIDDLETOWN,NY,10941,878,TNYW NY WESTCHESTER SALES TAX (8.375%),No
NANUET HOLDINGS DE LLC,NYR NY ROCKLAND SALES TAX (8.375%),,"16 SQUADRON BLVD, SUITE 106",NEW CITY,NY,10956,1042,NYR NY ROCKLAND SALES TAX (8.375%),
NATIONAL PLUMBING & HEATING INC.,NNJ Non-Taxable Sales New Jersey (0%),,236 SOUTH 11TH STREET,NEWARK,NJ,7107,454,NNJ Non-Taxable Sales New Jersey (0%),No
NAVAL WEAPONS STATION EARLE,NNJ Non-Taxable Sales New Jersey (0%),,201 NJ-34,COLTS NECK,NJ,7722,455,NNJ Non-Taxable Sales New Jersey (0%),No
"NBCUNIVERSAL MEDIA, LLC",TNYC NYC SALES TAX (8.875%),,"30 ROCKFELLER PLAZA

ectv_facility@nbcuni.com",NEW YORK,NY,10112,456,TNYC NYC SALES TAX (8.875%),No
NEW AMSTERDAM THEATRE,TNYC NYC SALES TAX (8.875%),,214 W 42ND STREET,NEW YORK,NY,10036,457,TNYC NYC SALES TAX (8.875%),No
NEWARK BETH ISRAEL MEDICAL CTR,NNJ Non-Taxable Sales New Jersey (0%),,PO BOX 337,WEST LONG BRANCH,NJ,7764,466,NNJ Non-Taxable Sales New Jersey (0%),Yes
NEW BRUNSWICK PERFORMING ARTS CENTER,NNJ Non-Taxable Sales New Jersey (0%),,"C/O CBRE
65 CHURCH STREET, 2ND FLOOR",New Brunswick,NJ,8901,892,NNJ Non-Taxable Sales New Jersey (0%),
NEW JERSEY CITY UNIVERSITY,NNJ Non-Taxable Sales New Jersey (0%),,2039 John F. Kennedy Boulevard,JERSEY CITY,NJ,07305-1597,848,NNJ Non-Taxable Sales New Jersey (0%),Yes
NEW JERSEY NATIONAL GOLF CLUB,TNJ NJ SALES TAX (6.625%),,579 ALLEN ROAD,BASKING RIDGE,NJ,7920,458,TNJ NJ SALES TAX (6.625%),No
NEW JERSEY SPORTS & EXPOSITION AUTHORITY,TNJ NJ SALES TAX (6.625%),,P.O. BOX 640,LYNDHURST,NJ,7071,460,TNJ NJ SALES TAX (6.625%),No
NEW JERSEY TURNPIKE AUTHORITY (NJTA),NNJ Non-Taxable Sales New Jersey (0%),,PO BOX 5042,WOODBRIDGE,NJ,07095-5042,461,NNJ Non-Taxable Sales New Jersey (0%),Yes
NEW PROVIDENCE BOARD OF EDUCATION (ESCNJ),NNJ Non-Taxable Sales New Jersey (0%),,356 ELKWOOD AVENUE,NEW PROVIDENCE,NJ,7974,1041,NNJ Non-Taxable Sales New Jersey (0%),
"NEW YORK CENTER MANAGEMENT, LLC",TNYC NYC SALES TAX (8.875%),,1210 SECOND AVE.,NEW YORK,NY,10065,463,TNYC NYC SALES TAX (8.875%),Yes
NEW YORK CERTIFIED INTERIOR CORP.,NNY NON-TAXABLE NY (0%),,829 EAST 15TH ST,BROOKLYN,NY,11230,1023,NNY NON-TAXABLE NY (0%),
NEW YORK CITY POLICE PENSION FUND,NNY NON-TAXABLE NY (0%),,"233 BROADWAY, 25TH FLOOR",NEW YORK,NY,10279,1021,NNY NON-TAXABLE NY (0%),
NEW YORK STATE THRUWAY AUTHORITY,NNY NON-TAXABLE NY (0%),,P.O. BOX 189,ALBANY,NY,12201-0189,465,NNY NON-TAXABLE NY (0%),Yes
NINE ON THE HUDSON CONDOMINIUM ASSOC.,TNJ NJ SALES TAX (6.625%),,INC. C/O FIRSTSERVICE RESIDENTIAL,WEST NEW YORK,NJ,7093,469,TNJ NJ SALES TAX (6.625%),Yes
NJMM Services LLC,NNJ Non-Taxable Sales New Jersey (0%),NJMMSERV@GMAIL.COM,419 SADDLE RIVER ROAD,SADDLE BROOK,NJ,7663,738,NNJ Non-Taxable Sales New Jersey (0%),No
NJ REGION AMERICAN RED CROSS,NNJ Non-Taxable Sales New Jersey (0%),,209 FAIRFIELD RD,FAIRFIELD,NJ,7004,959,NNJ Non-Taxable Sales New Jersey (0%),
NOOR-UL-IMAN SCHOOL (ISLAMIC SCHOOL),NNJ Non-Taxable Sales New Jersey (0%),,4137 US 1,MONMOUTH JUNCTION,NJ,8852,470,NNJ Non-Taxable Sales New Jersey (0%),Yes
"NORESCO, LLC",NNY NON-TAXABLE NY (0%),,ATTN: ACCOUNTS PAYABLE,CARNEGIE,PA,15106,471,NNY NON-TAXABLE NY (0%),
NO. ROCKLAND CENTRL SCHOOL DIST (ED DATA),NNY NON-TAXABLE NY (0%),,65 CHAPEL STREET,GARNERVILLE,NY,10923,882,NNY NON-TAXABLE NY (0%),No
NORTH ARLINGTON BOARD OF EDUCATION,NNJ Non-Taxable Sales New Jersey (0%),,222 RIDGE ROAD,NORTH ARLINGTON,NJ,7031,1013,NNJ Non-Taxable Sales New Jersey (0%),
NORTHERN HIGHLANDS REG. HIGH SCHOOL BOE,NNJ Non-Taxable Sales New Jersey (0%),,298 HILLSIDE AVENUE,ALLENDALE,NJ,7401,473,NNJ Non-Taxable Sales New Jersey (0%),Yes
NORTHERN HIGHLANDS REG. H.S. (ESCNJ),NNJ Non-Taxable Sales New Jersey (0%),,298 HILLSIDE AVENUE,ALLENDALE,NJ,7401,472,NNJ Non-Taxable Sales New Jersey (0%),Yes
NORTH PLAINFIELD BOE (ESCNJ),NNJ Non-Taxable Sales New Jersey (0%),,33 MOUNTAIN AVENUE,NORTH PLAINFIELD,NJ,07060-4075,1031,NNJ Non-Taxable Sales New Jersey (0%),
NORTH WARREN REGIONAL BOE (ESCNJ),NNJ Non-Taxable Sales New Jersey (0%),,10 NOE ROAD,BLAIRSTOWN,NJ,7825,745,NNJ Non-Taxable Sales New Jersey (0%),No
NUTLEY BOARD OF EDUCATION (ESCNJ),NNJ Non-Taxable Sales New Jersey (0%),,315 FRANKLIN AVE.,NUTLEY,NJ,7110,477,NNJ Non-Taxable Sales New Jersey (0%),No
NY DEPARTMENT OF TRANSPORTATION,NNY NON-TAXABLE NY (0%),,250 VETERANS MEMORIAL HIGHWAY,HAUPPAUGE,NY,11788,760,NNY NON-TAXABLE NY (0%),No
"NYHC PLUMBING & MECHANICAL, LLC",NNY NON-TAXABLE NY (0%),,21 BAY 3RD ST,ISLIP,NY,11751,931,NNY NON-TAXABLE NY (0%),No
OAKLAND PUBLIC SCHOOLS (ESCNJ),NNJ Non-Taxable Sales New Jersey (0%),,315 RAMAPO VALLEY ROAD,OAKLAND,NJ,7436,480,NNJ Non-Taxable Sales New Jersey (0%),No
OCEAN COUNTY COLLEGE,NNJ Non-Taxable Sales New Jersey (0%),,1 COLLEGE DRIVE,TOMS RIVER,NJ,8753,934,NNJ Non-Taxable Sales New Jersey (0%),Yes
OGDENSBURG BOARD OF EDUCATION,NNJ Non-Taxable Sales New Jersey (0%),,100 MAIN STREET,OGDENSBURG,NJ,7439,935,NNJ Non-Taxable Sales New Jersey (0%),Yes
OLD NAVY,TNYC NYC SALES TAX (8.875%),,"3444 (NEW YORK - MANHATTN)
ON - TIMES SQUARE
1516 BROADWAY,",NEW YORK,NY,10036-4002,919,TNYC NYC SALES TAX (8.875%),Yes
PACE UNIVERSITY,NNY NON-TAXABLE NY (0%),,1 PACE PLAZA,NEW YORK,NY,10038,916,NNY NON-TAXABLE NY (0%),No
PALLADIUM MANAGEMENT,,,"62 West 45th Street
8th Floor",New York,NY,10036,945,,No
PARADISE HARBOR CONDOMINIUM,NYR NY ROCKLAND SALES TAX (8.375%),,C/O STILLMAN MANAGEMENT REALTY CORP.,HARRISON,NY,10528,485,NYR NY ROCKLAND SALES TAX (8.375%),No
PARAMUS BOARD OF EDUCATION (ESCNJ),NNJ Non-Taxable Sales New Jersey (0%),,145 SPRING VALLEY ROAD,PARAMUS,NJ,7652,488,NNJ Non-Taxable Sales New Jersey (0%),Yes
PARK 5 LLC,TNYC NYC SALES TAX (8.875%),,"17-20 WHITESTONE EXPY, STE 403",WHITESTONE,NY,11357,998,TNYC NYC SALES TAX (8.875%),
PARSIPPANY-TROY HILLS BOARD FIRE COMM #1,NNJ Non-Taxable Sales New Jersey (0%),,909C TABOR RD,MORRIS PLAINS,NJ,7950,1051,NNJ Non-Taxable Sales New Jersey (0%),
PASCACK VALLEY REG. H.S. DIST. (ESCNJ ),NNJ Non-Taxable Sales New Jersey (0%),,"28 WEST GRAND AVE., STE 2",MONTVALE,NJ,7645,489,NNJ Non-Taxable Sales New Jersey (0%),No
PATERSON BOARD OF EDUCATION (ESCNJ),NNJ Non-Taxable Sales New Jersey (0%),,90 DELAWARE AVENUE,PATERSON,NJ,7503,736,NNJ Non-Taxable Sales New Jersey (0%),No
PATTMAN PLUMBING,NNJ Non-Taxable Sales New Jersey (0%),,"80 GREENWOOD AVENUE, SUITE 10",MIDLAND PARK,NJ,7432,490,NNJ Non-Taxable Sales New Jersey (0%),No
"PEAK MECHANICAL SOLUTIONS, INC.",NNY NON-TAXABLE NY (0%),,191 DUPONT STREET,BROOKLYN,NY,11222,491,NNY NON-TAXABLE NY (0%),No
PEARL RIVER CAMPUS LLC,,,"C/O  IRG REALTY ADVISORS, LLC",CHARLOTTE,NC,28237,492,,
"PEERLESS CONSULTING GROUP, LLC",TNJ NJ SALES TAX (6.625%),pmeich@gmail.com,155 BARRISTER DRIVE,BUTLER,NJ,7405,837,TNJ NJ SALES TAX (6.625%),No
PELICAN GLOBAL INC.,TNJ NJ SALES TAX (6.625%),,PELICAN CONSTRUCTION INC.,SOMERSET,NJ,8873,493,TNJ NJ SALES TAX (6.625%),No
PEN ENTERPRISES INC,NNY NON-TAXABLE NY (0%),,521 CONEY ISLAND AVE,BROOKLYN,NY,11218,494,NNY NON-TAXABLE NY (0%),No
PENGUIN AIR CONDITIONING CORP.,NNY NON-TAXABLE NY (0%),,5 PENN PLAZA 16TH FLOOR,NEW YORK,NY,10001,734,NNY NON-TAXABLE NY (0%),No
PENGUIN MAINTENANCE & SERVICE INC.,NNY NON-TAXABLE NY (0%),,5 PENN PLAZA 16TH FLOOR,NEW YORK,NY,10001,495,NNY NON-TAXABLE NY (0%),Yes
PENTAURUS PROPERTIES,TNJ NJ SALES TAX (6.625%),,200 SHEFFIELD STREET #305,MOUNTAINSIDE,NJ,7092,797,TNJ NJ SALES TAX (6.625%),No
PEQUANNOCK TWP SCHOOL DISTRICT (ESCNJ),NNJ Non-Taxable Sales New Jersey (0%),,538 NEWARK POMPTON TURNPIKE,POMPTON PLAINS,NJ,7444,936,NNJ Non-Taxable Sales New Jersey (0%),Yes
PFG AFI FOOD SERVICE,TNJ NJ SALES TAX (6.625%),,P.O. BOX 17227,DENVER,CO,80217-0227,497,TNJ NJ SALES TAX (6.625%),
PHILLIPSBURG BOARD OF EDUCATION (ESCNJ),NNJ Non-Taxable Sales New Jersey (0%),,50 SARGENT AVENUE,PHILLIPSBURG,NJ,8865,500,NNJ Non-Taxable Sales New Jersey (0%),No
PHOENIX HVAC LLC,NNJ Non-Taxable Sales New Jersey (0%),,7 ORONO STREET,CLIFTON,NJ,7013,501,NNJ Non-Taxable Sales New Jersey (0%),No
"PINNACLE THERMAL SOLUTIONS, LLC",NNY NON-TAXABLE NY (0%),,9 ALBERTSON AVENUE,ALBERTSON,NY,11507,801,NNY NON-TAXABLE NY (0%),No
PIONEER ACADEMY,NNJ Non-Taxable Sales New Jersey (0%),,164 TOTOWA ROAD,WAYNE,NJ,7470,503,NNJ Non-Taxable Sales New Jersey (0%),No
PJ MECHANICAL LLC,NNY NON-TAXABLE NY (0%),,551 5th Avenue - 9th floor,NEW YORK,NY,10176,504,NNY NON-TAXABLE NY (0%),No
"POINTVIEW WAYNE PROPERTIES DOBCO, INC.",TNJ NJ SALES TAX (6.625%),,1 GEOFFREY WAY,WAYNE,NJ,7470,184,TNJ NJ SALES TAX (6.625%),No
POLAR MECHANICAL,NNY NON-TAXABLE NY (0%),,221 51 ST STREET,BROOKLYN,NY,11220,507,NNY NON-TAXABLE NY (0%),No
"POLITO ASSOCIATES, LLC",,,"9 POLITO, LYNDHURST 151 APTS
c/o 1260 STELTON ROAD",PISCATAWAY,NJ,8854,1054,,
POMPTON LAKES BOARD OF EDUCATION,NNJ Non-Taxable Sales New Jersey (0%),,237 VAN AVENUE,POMPTON LAKES,NJ,7442,950,NNJ Non-Taxable Sales New Jersey (0%),
POWER AIRCONDITIONING CORP.,NNY NON-TAXABLE NY (0%),,1013 E. 35TH STREET,BROOKLYN,NY,11210,508,NNY NON-TAXABLE NY (0%),No
PREFERRED MECHANICAL,NNJ Non-Taxable Sales New Jersey (0%),,18 MADISON STREET,KEYPORT,NJ,7735,511,NNJ Non-Taxable Sales New Jersey (0%),No
PREMIER MECHANICALSERVICES,NNY NON-TAXABLE NY (0%),,1493 CHURCH STREET,HOLBROOK,NY,11741,512,NNY NON-TAXABLE NY (0%),No
Pride Industries,NNJ Non-Taxable Sales New Jersey (0%),jbmdl_accounts_payable@prideindustries.com,PO Box 1200,Rocklin,CA,95677,996,NNJ Non-Taxable Sales New Jersey (0%),
"PRIME CITY BUILDING & MAINTENANCE, LLC",TNJ NJ SALES TAX (6.625%),,"80 RIVER STREET, SUITE 2C",HOBOKEN,NJ,7030,802,TNJ NJ SALES TAX (6.625%),No
PRINCETON PUBLIC SCHOOLS (ESCNJ),NNJ Non-Taxable Sales New Jersey (0%),,25 VALLEY ROAD,PRINCETON,NJ,8540,515,NNJ Non-Taxable Sales New Jersey (0%),No
PT MECHANICAL GROUP LLC,NNJ Non-Taxable Sales New Jersey (0%),,215 EXECUTIVE DRIVE,MOORESTOWN,NJ,8057,1012,NNJ Non-Taxable Sales New Jersey (0%),
PUBLIC LIBRARY OF PARSIPPANY TROY HILLS,NNJ Non-Taxable Sales New Jersey (0%),,449 HALSEY ROAD,PARSIPPANY,NJ,7054,893,NNJ Non-Taxable Sales New Jersey (0%),
PUBLISHERS CLEARING HOUSE,TNYN NY NASSAU SALES TAX (8.625%),,300 JERICHO QUADRANGLE,JERICHO,NY,11753,517,TNYN NY NASSAU SALES TAX (8.625%),Yes
"PURVES STREET OWNERS, LLC",TNYC NYC SALES TAX (8.875%),,GOTHAM PROPERTIES,NEW YORK,NY,10016,518,TNYC NYC SALES TAX (8.875%),Yes
QC TERME NY LLC,TNYC NYC SALES TAX (8.875%),,100 WALL STREET,NEW YORK,NY,10005,519,TNYC NYC SALES TAX (8.875%),Yes
QSB NORTHERN LLC,TNYC NYC SALES TAX (8.875%),,"C/O FIRST SERVICE RESIDENTIAL NEW YORK,",LONG ISLAND CITY,NY,11101,520,TNYC NYC SALES TAX (8.875%),Yes
QUEENS CITY ACADEMY CHARTER SCHOOL,NNJ Non-Taxable Sales New Jersey (0%),,815 WEST 7TH STREET,PLAINFIELD,NJ,7063,522,NNJ Non-Taxable Sales New Jersey (0%),No
"QUINN EMANUEL URQUHART & SULLIVAN, LLP",TNYC NYC SALES TAX (8.875%),,295 5TH AVE,NEW YORK,NY,10016,1024,TNYC NYC SALES TAX (8.875%),
RAMAPO INDIAN HILLS REG. HIGH SCHOOL DIST,NNJ Non-Taxable Sales New Jersey (0%),,131 YAWPO AVE,OAKLAND,NJ,7436,527,NNJ Non-Taxable Sales New Jersey (0%),No
RANDOLPH TWP B.O.E. (ESCNJ),NNJ Non-Taxable Sales New Jersey (0%),,25 SCHOOL HOUSE ROAD,RANDOLPH,NJ,7869,529,NNJ Non-Taxable Sales New Jersey (0%),No
RASI LABORATORIES,TNJ NJ SALES TAX (6.625%),,320 HALF ACRE ROAD,CRANBURY,NJ,8512,530,TNJ NJ SALES TAX (6.625%),Yes
"RAYMOND OWNER, LLC",TNJ NJ SALES TAX (6.625%),richard.hughes@hilton.com,1048 Raymond Blvd,Newark,NJ,7102,810,TNJ NJ SALES TAX (6.625%),No
REACT TECHNICAL INC.,NNY NON-TAXABLE NY (0%),,34-02 REVIEW AVENUE,LONG ISLAND CITY,NY,11101,531,NNY NON-TAXABLE NY (0%),No
RED APPLE 86 FLEET PLACE DEVELOPEMENT LLC,TNYC NYC SALES TAX (8.875%),,"800 3RD AVE., 5TH FLOOR",NEW YORK,NY,11201,533,TNYC NYC SALES TAX (8.875%),Yes
REINER GROUP INC.,NNJ Non-Taxable Sales New Jersey (0%),,11-07 RIVER ROAD,FAIR LAWN,NJ,7410,535,NNJ Non-Taxable Sales New Jersey (0%),No
RELATED COMPANIES,,,410 10th Avenue,Manhattan,NY,10001,965,,
RENU CONTRACTING RESTORATION,NNY NON-TAXABLE NY (0%),,1215 SUNRISE HIGHWAY,COPIAGUE,NY,11726,537,NNY NON-TAXABLE NY (0%),No
RIDGEFIELD BOARD OF EDUCATION (ESCNJ),NNJ Non-Taxable Sales New Jersey (0%),,555 WALNUT STREET,RIDGEFIELD,NJ,7657,944,NNJ Non-Taxable Sales New Jersey (0%),Yes
RIDGEWOOD BOARD OF EDUCATION (ESCNJ),NNJ Non-Taxable Sales New Jersey (0%),,49 COTTAGE PL,RIDGEWOOD,NJ,7450,540,NNJ Non-Taxable Sales New Jersey (0%),No
RIVER DELL BOARD OF EDUCATION (ESCNJ),NNJ Non-Taxable Sales New Jersey (0%),,230 WOODLAND AVENUE,RIVER EDGE,NJ,7661,881,NNJ Non-Taxable Sales New Jersey (0%),No
RIVER VALE PUBLIC SCHOOLS (ESCNJ),NNJ Non-Taxable Sales New Jersey (0%),,609 WESTWOOD AVE.,RIVER VALE,NJ,7675,541,NNJ Non-Taxable Sales New Jersey (0%),No
RMANJ MANAGEMENT,TNJ NJ SALES TAX (6.625%),,140 ALLEN ROAD,BASKING RIDGE,NJ,7920,542,TNJ NJ SALES TAX (6.625%),No
ROBERT TREAT HOTEL,NNJ Non-Taxable Sales New Jersey (0%),,"50 PARK PL, STE 100",,,,1010,NNJ Non-Taxable Sales New Jersey (0%),
"ROCHE MOLECULAR SYSTEMS, INC.",TNJ NJ SALES TAX (6.625%),,9115 Hague Road,Indianapolis,IN,46256,991,TNJ NJ SALES TAX (6.625%),
ROCKAWAY BOROUGH SCHOOL DISTRICT (ESCNJ),NNJ Non-Taxable Sales New Jersey (0%),,103 EAST MAIN STREET,ROCKAWAY,NJ,74866,544,NNJ Non-Taxable Sales New Jersey (0%),No
ROCKAWAY TOWNSHIP BOE (ESCNJ),NNJ Non-Taxable Sales New Jersey (0%),,PO BOX 500,HIBERNIA,NJ,7842,545,NNJ Non-Taxable Sales New Jersey (0%),No
ROSELAND BOARD OF EDUCATION (ESCNJ),NNJ Non-Taxable Sales New Jersey (0%),,LESTER NOECKER SCHOOL,ROSELAND,NJ,7009,547,NNJ Non-Taxable Sales New Jersey (0%),No
ROSELLE BOARD OF EDUCATION (ESCNJ),NNJ Non-Taxable Sales New Jersey (0%),,710 LOCUST STREET,ROSELLE,NJ,7203,988,NNJ Non-Taxable Sales New Jersey (0%),
ROSELLE PARK B.O.E. (ESCNJ),NNJ Non-Taxable Sales New Jersey (0%),,510 CHESTNUT ST.,ROSELLE PARK,NJ,7204,548,NNJ Non-Taxable Sales New Jersey (0%),Yes
ROSE MECHANICAL CORP.,NNY NON-TAXABLE NY (0%),john@rosemechanical.com,1565 Ocean Avenue,Bohemia,NY,11716,858,NNY NON-TAXABLE NY (0%),No
ROXBURY TOWNSHIP BOARD OF ED (ESCNJ),NNJ Non-Taxable Sales New Jersey (0%),,34 N HILLSIDE AVE,SUCCASUNNA,NJ,7876,841,NNJ Non-Taxable Sales New Jersey (0%),No
ROXBURY TOWNSHIP BOARD OF EDUCATION,NNJ Non-Taxable Sales New Jersey (0%),,34 NORTH HILLSIDE AVE,SUCCASUNNA,NJ,7876,742,NNJ Non-Taxable Sales New Jersey (0%),No
RUMSON-FAIR HAVEN REG. H.S.SCHOOL(ESCNJ),NNJ Non-Taxable Sales New Jersey (0%),,74 RIDGE ROAD,RUMSON,NJ,7760,549,NNJ Non-Taxable Sales New Jersey (0%),No
RUTGERS THE STATE UNIVERSITY OF NJ,NNJ Non-Taxable Sales New Jersey (0%),,33 KNIGHTSBRIDGE ROAD,PISCATAWAY,NJ,8854,551,NNJ Non-Taxable Sales New Jersey (0%),No
RUTHERFORD BOARD OF EDUCATION (ESCNJ),NNJ Non-Taxable Sales New Jersey (0%),,176 PARK AVENUE,RUTHERFORD,NJ,7070,1030,NNJ Non-Taxable Sales New Jersey (0%),
"RWE CLEAN ENERGY SOLUTIONS, INC",NNY NON-TAXABLE NY (0%),,ACCOUNTING,TAMPA,FL,33607,151,NNY NON-TAXABLE NY (0%),No
"RWJ BARNABAS HEALTH, INC.",NNJ Non-Taxable Sales New Jersey (0%),,P.O. BOX 337,WEST LONG BRANCH,NJ,7764,552,NNJ Non-Taxable Sales New Jersey (0%),Yes
RXR PROPERTY MANAGEMENT LLC,NNY NON-TAXABLE NY (0%),,625 RXR PLAZA,UNIONDALE,NY,11556-3815,820,NNY NON-TAXABLE NY (0%),No
RXR SL OWNER LLC,TNYC NYC SALES TAX (8.875%),,"WHEELS UP PARTNERS, LLC
601 WEST 26TH ST",NEW YORK,NY,10001,707,TNYC NYC SALES TAX (8.875%),Yes
RYCON MECHANICAL INC.,NNY NON-TAXABLE NY (0%),,50-10 49TH STREET,NEW YORK,NY,11377,785,NNY NON-TAXABLE NY (0%),No
RYE NECK UNION FREE SCHOOL DIST (ED DATA),NNY NON-TAXABLE NY (0%),,310 HORNIDGE ROAD,MAMARONECK,NY,10543,808,NNY NON-TAXABLE NY (0%),No
SADDLE BROOK BOARD OF EDUCATION (ESCNJ),NNJ Non-Taxable Sales New Jersey (0%),,355 MAYHILL STREET,SADDLE BROOK,NJ,7663,1028,NNJ Non-Taxable Sales New Jersey (0%),
SAM'S AIR CONTROL LLC,NNJ Non-Taxable Sales New Jersey (0%),,"913 MIDDLESEX AVE, BLDG 1",METUCHEN,NJ,8840,906,NNJ Non-Taxable Sales New Jersey (0%),No
SATEC INC.,TNJ NJ SALES TAX (6.625%),,10 MILLTOWN COURT,UNION,NJ,7083,1019,TNJ NJ SALES TAX (6.625%),
SAUGERTIES CENTRAL SCHOOL DISTRICT,NNY NON-TAXABLE NY (0%),,"SAUGERTIES CSD, CALL BOX A, 310 WASHINGTON AVE. EXT.",SAUGERTIES,NY,12477,898,NNY NON-TAXABLE NY (0%),
SAXUM REAL ESTATE,,,,,,,891,,
SCHAIBLES MECHANICAL,NNJ Non-Taxable Sales New Jersey (0%),,241 VAN SYCKLES ROAD,HAMPTON,NJ,8827,561,NNJ Non-Taxable Sales New Jersey (0%),No
SCHOOL DISTRICT OF THE CHATHAMS (ESCNJ),NNJ Non-Taxable Sales New Jersey (0%),,233 LAFAYETTE AVENUE,CHATHAM,NJ,7928,564,NNJ Non-Taxable Sales New Jersey (0%),No
"SC PRIME ENERGY, LTD.",NNY NON-TAXABLE NY (0%),,7937 COOPER AVENUE,GLENDALE,NY,11385,993,NNY NON-TAXABLE NY (0%),
SECAUCUS BOARD OF EDUCATION,NNJ Non-Taxable Sales New Jersey (0%),,685 FIFTH STREET,SECAUCUS,NJ,7094,567,NNJ Non-Taxable Sales New Jersey (0%),No
SECAUCUS BOARD OF EDUCATION (CCESC),NNJ Non-Taxable Sales New Jersey (0%),,685 FIFTH STREET,SECAUCUS,NJ,7094,568,NNJ Non-Taxable Sales New Jersey (0%),Yes
SECAUCUS BOARD OF EDUCATION (ESCNJ),NNJ Non-Taxable Sales New Jersey (0%),,685 FIFTH STREET,SECAUCUS,NJ,07094-1496,569,NNJ Non-Taxable Sales New Jersey (0%),No
SECAUCUS BOARD OF EDUCATION (NJSTART),NNJ Non-Taxable Sales New Jersey (0%),,685 FIFTH STREET,SECAUCUS,NJ,7094,798,NNJ Non-Taxable Sales New Jersey (0%),No
SECURE SOURCE ENERGY,NCT NON-TAXABLE CT (0%),,ONE CANTERBURY GREEN,STAMFORD,CT,6901,570,NCT NON-TAXABLE CT (0%),
SELECT OFFICE SUITES,TNYC NYC SALES TAX (8.875%),,90 BROAD STREET,NEW YORK,NY,10004,571,TNYC NYC SALES TAX (8.875%),No
SERVICE STAR COOLING INC,NNJ Non-Taxable Sales New Jersey (0%),,"1275 BLOOMFIELD AVE, #18A",FAIRFIELD,NJ,7004,963,NNJ Non-Taxable Sales New Jersey (0%),
SETON HALL UNIVERSITY,NNJ Non-Taxable Sales New Jersey (0%),,400 SOUTH ORANGE AVE.,SOUTH ORANGE,NJ,7079,572,NNJ Non-Taxable Sales New Jersey (0%),No
SHEET METAL WORKERS LOCAL 28 EF,NNY NON-TAXABLE NY (0%),,139-20 JAMAICA AVENUE,JAMAICA,NY,11435,955,NNY NON-TAXABLE NY (0%),
SHOREHAM-WADING RIVER CSD (ED-DATA),NNY NON-TAXABLE NY (0%),,250B ROUTE 25A,SHOREHAM,NY,11786,575,NNY NON-TAXABLE NY (0%),Yes
SIDLEY AUSTIN,TNYC NYC SALES TAX (8.875%),,787 SEVENTH AVE.,NEW YORK,NY,10019,576,TNYC NYC SALES TAX (8.875%),No
SIEMENS INDUSTRY INC.,,,104 SEBETHE DRIVE,CROMWELL,CT,6416,777,,
S&L PLUMBING AND HEATING CORP.,NNY NON-TAXABLE NY (0%),,"145 BEDFORD ROAD, SUITE 201",ARMONK,NY,10504,553,NNY NON-TAXABLE NY (0%),No
SMART AND SIMPLE MECHANICAL LLC,NNJ Non-Taxable Sales New Jersey (0%),,170 Lincoln Avenue,Woodland Park,NJ,7424,912,NNJ Non-Taxable Sales New Jersey (0%),No
"SODEXO OPERATIONS, LLC",TNYC NYC SALES TAX (8.875%),,9801 WASHINTONIAN BLVD,GAITHERSBURG,MD,2878,579,TNYC NYC SALES TAX (8.875%),
SOMERSET COUNTY,NNJ Non-Taxable Sales New Jersey (0%),,BOARD OF COUNTY COMMISSIONERS COUNTY ADMIN,SOMERVILLE,NJ,08876-1262,580,NNJ Non-Taxable Sales New Jersey (0%),Yes
SOMERSET COUNTY PARK COMMISSION,NNJ Non-Taxable Sales New Jersey (0%),,355 MILLTOWN ROAD,BRIDGEWATER,NJ,8807,824,NNJ Non-Taxable Sales New Jersey (0%),No
SOMERSET HILLS BOARD OF EDUCATION (ESCNJ),NNJ Non-Taxable Sales New Jersey (0%),,25 OLCOTT AVE.,BERNARDSVILLE,NJ,7924,581,NNJ Non-Taxable Sales New Jersey (0%),No
SOMERSET WOODS REHAB & NURSING CENTER LLC,TNJ NJ SALES TAX (6.625%),vtheodore@somersetwoodsnj.com,780 OLD NEW BRUNSWICK ROAD,SOMERSET,NJ,8873,819,TNJ NJ SALES TAX (6.625%),No
"SOUND REFRIGERATION&AIR CONDITIONING, INC",NNY NON-TAXABLE NY (0%),,58 OLD STEWART AVENUE,GARDEN CITY PARK,NY,11040,582,NNY NON-TAXABLE NY (0%),No
SOUTHAMPTON TWP B.O.E. (ESCNJ),NNJ Non-Taxable Sales New Jersey (0%),,177 MAIN STREET,SOUTHAMPTON,NJ,08088-8874,584,NNJ Non-Taxable Sales New Jersey (0%),No
SOUTH RIVER BOARD OF EDUCATION (ESCNJ),NNJ Non-Taxable Sales New Jersey (0%),,15 MONTGOMERY STREET,SOUTH RIVER,NJ,8882,815,NNJ Non-Taxable Sales New Jersey (0%),No
SPARTA TOWNSHIP B.O.E.(ESCNJ),NNJ Non-Taxable Sales New Jersey (0%),,18 MOHAWK AVE.,SPARTA,NJ,7871,586,NNJ Non-Taxable Sales New Jersey (0%),No
SPK LEWIS CONSTRUCTION,NNY NON-TAXABLE NY (0%),info@spklewis.com,"35 W 36TH STRET, SUITE 5E",NEW YORK,NY,10018,1033,NNY NON-TAXABLE NY (0%),
SPRINGFIELD BOARD OF EDUCATION (ESCNJ),NNJ Non-Taxable Sales New Jersey (0%),,P.O. BOX 210,SPRINGFIELD,NJ,07081-0210,937,NNJ Non-Taxable Sales New Jersey (0%),No
SPRING PLACE,TNYC NYC SALES TAX (8.875%),,6 ST. JOHNS LANE,NEW YORK,NY,10013,589,TNYC NYC SALES TAX (8.875%),No
"SRJ MECHANICAL, LLC",NNJ Non-Taxable Sales New Jersey (0%),,6 Stagecoach Way,Hillsborough,NJ,8844,814,NNJ Non-Taxable Sales New Jersey (0%),No
STANHOPE BOARD OF EDUCATION (ESCNJ),NNJ Non-Taxable Sales New Jersey (0%),,24 VALLEY ROAD,STANHOPE,NJ,7874,1060,NNJ Non-Taxable Sales New Jersey (0%),
STATEN ISLAND JEWISH COMMUNITY CENTER,NNY NON-TAXABLE NY (0%),,1466 MANOR ROAD,STATEN ISLAND,NY,10314,597,NNY NON-TAXABLE NY (0%),No
STATE OF NJ DEPARTMENT OF TRANSPORTATION,NNJ Non-Taxable Sales New Jersey (0%),,DIV OF ACCOUNTING&AUDITING,TRENTON,NJ,8625,594,NNJ Non-Taxable Sales New Jersey (0%),Yes
STATE OF NJ REGIONAL MEDICAL EXAM,NNJ Non-Taxable Sales New Jersey (0%),,OFFICE OF STATE MEDICAL EXAMINER FISCAL/,NEWARK,NJ,7103,595,NNJ Non-Taxable Sales New Jersey (0%),Yes
STAWSKI PARTNERS,NNY NON-TAXABLE NY (0%),,1212 6TH AVENUE 1212 AVENUE OF THE AMERICAS,NEW YORK,NY,10036,764,NNY NON-TAXABLE NY (0%),No
ST. CABRINI NURSING HOME,NNY NON-TAXABLE NY (0%),,115 BROADWAY,DOBBS FERRY,NY,10522,591,NNY NON-TAXABLE NY (0%),No
STIFEL,TNYC NYC SALES TAX (8.875%),,787 7TH AVE.,NEW YORK,NY,10019,599,TNYC NYC SALES TAX (8.875%),No
ST. JOSEPH'S SCHOOL FOR THE BLIND,NNJ Non-Taxable Sales New Jersey (0%),,761 SUMMIT AVE.,JERSEY CITY,NJ,07307-3831,592,NNJ Non-Taxable Sales New Jersey (0%),No
ST. JOSEPHS WAYNE HOSPITAL,NNJ Non-Taxable Sales New Jersey (0%),,703 MAIN STREET,PATERSON,NJ,7503,593,NNJ Non-Taxable Sales New Jersey (0%),No
"SUFFOLK CONSTRUCTION COMPANY, INC",NNY NON-TAXABLE NY (0%),,ONE PENNSYLVANIA PLAZA,NEW YORK,NY,10119,602,NNY NON-TAXABLE NY (0%),No
SUNNYFIELD CORPORATION,,,3413 ROSE AVENUE,OCEAN,NJ,7712,604,,No
SUPREME HEATING&AIR CONDITIONING INC.,NNJ Non-Taxable Sales New Jersey (0%),,257 WAGNER STREET,MIDDLESEX,NJ,8846,606,NNJ Non-Taxable Sales New Jersey (0%),No
SUSSEX-WANTAGE REGIONAL SCHOOLS (ESCNJ),NNJ Non-Taxable Sales New Jersey (0%),,27 BANK STREET,SUSSEX,NJ,7461,830,NNJ Non-Taxable Sales New Jersey (0%),No
TABOR ROAD INVESTORS HOLDINGS LLC,TNJ NJ SALES TAX (6.625%),,185 TABOR ROAD,MORRIS PLAINS,NJ,7950,1027,TNJ NJ SALES TAX (6.625%),
TAMARACK COUNTRY CLUB,TCT CONNECTICUT SALES TAX (6.35%),,55 LOCUST ROAD,GREENWICH,CT,6831,608,TCT CONNECTICUT SALES TAX (6.35%),
"TAMEER, INC.",NNY NON-TAXABLE NY (0%),,151 HEMPSTEAD TURNPIKE STE 200,WEST HEMPSTEAD,NY,11552,609,NNY NON-TAXABLE NY (0%),No
TARGET MECHANICAL INC.,NNY NON-TAXABLE NY (0%),,P.O. BOX 20834,STATEN ISLAND,NY,10302,610,NNY NON-TAXABLE NY (0%),No
"TEO TECHNOLOGIES, INC.",NNJ Non-Taxable Sales New Jersey (0%),,117 SOUTH RUTHERFORD AVE.,FRANKLIN,NJ,7416,613,NNJ Non-Taxable Sales New Jersey (0%),No
TEWKSBURY BOARD OF EDUCATION (ESCNJ),NNJ Non-Taxable Sales New Jersey (0%),,173 OLD TURNPIKE ROAD,CALIFON,NJ,7830,922,NNJ Non-Taxable Sales New Jersey (0%),No
THASSIAN MECHANICAL,NNJ Non-Taxable Sales New Jersey (0%),,641 STATE ROUTE 36,BELFORD,NJ,7718,616,NNJ Non-Taxable Sales New Jersey (0%),No
THE BECKFORD HOUSE,TNYC NYC SALES TAX (8.875%),,"770 LEXINGTON AVE, 9TH FLOOR",NEW YORK,NY,10065,619,TNYC NYC SALES TAX (8.875%),No
THE CITY OF NEW YORK (DANY),NNY NON-TAXABLE NY (0%),,1 HOGAN PLACE,NEW YORK,NY,10013,780,NNY NON-TAXABLE NY (0%),No
THE CITY OF PEEKSKILL (ED-DATA),NNY NON-TAXABLE NY (0%),,840 MAIN STREET,PEEKSKILL,NY,10566-0000,620,NNY NON-TAXABLE NY (0%),No
THE CITY UNIVERSITY OF NEW YORK (CUNY),NNY NON-TAXABLE NY (0%),,"BROOKLYN COLLEGE
2900 BEDFORD AVENUE",BROOKLYN,NY,11210,985,NNY NON-TAXABLE NY (0%),
THE FREM GROUP LLC,TNYW NY WESTCHESTER SALES TAX (8.375%),,45 KNOLLWOOD ROAD,ELMSFORD,NY,10523,621,TNYW NY WESTCHESTER SALES TAX (8.375%),No
THE GATEWAY SCHOOL,NNY NON-TAXABLE NY (0%),,211 WEST 61ST STREET,NEW YORK,NY,10023,622,NNY NON-TAXABLE NY (0%),No
THE HARDMAN GROUP,TNYC NYC SALES TAX (8.875%),,131 7TH AVENUE. 2ND FLOOR,BROOKLYN,NY,11215,909,TNYC NYC SALES TAX (8.875%),Yes
THE HOUSING AUTHORITY CITY OF TRENTON,NNJ Non-Taxable Sales New Jersey (0%),,675 NEW WILLOW STREET,TRENTON,NJ,8618,920,NNJ Non-Taxable Sales New Jersey (0%),No
THE JEWISH THEOLOGICAL SEMINARY,NNY NON-TAXABLE NY (0%),,3080 BROADWAY,NEW YORK,NY,10027,624,NNY NON-TAXABLE NY (0%),Yes
THE LEARNING EXPERIENCE,TNJ NJ SALES TAX (6.625%),,3300 HIGHWAY 138,WALL,NJ,7719,625,TNJ NJ SALES TAX (6.625%),No
THE MUSEUM OF MODERN ART (MOMA),NNY NON-TAXABLE NY (0%),brett_kearon@moma.org,11 WEST 53RD STREET,NEW YORK,NY,10019,731,NNY NON-TAXABLE NY (0%),No
THE NEWARK BOARD OF EDUCATION (ESCNJ),NNJ Non-Taxable Sales New Jersey (0%),,"ACCOUNTS PAYABLE, 2ND FL EAST WING",NEWARK,NJ,7102,628,NNJ Non-Taxable Sales New Jersey (0%),No
THE NEW HOPE BAPTIST CHURCH,NNJ Non-Taxable Sales New Jersey (0%),,106 SUSSEX AVE,NEWARK,NJ,7103,863,NNJ Non-Taxable Sales New Jersey (0%),No
THE NEW YORK HISTORICAL SOCIETY,NNY NON-TAXABLE NY (0%),,170 CENTRAL PARK WEST,NEW YORK,NY,10024,1047,NNY NON-TAXABLE NY (0%),
THE NEW YORK PUBLIC LIBRARY,NNY NON-TAXABLE NY (0%),,"270 MADISON AVE., 11TH FLOOR",NEW YORK,NY,10016,626,NNY NON-TAXABLE NY (0%),Yes
THE NEW YORK TIMES COMPANY,TNYC NYC SALES TAX (8.875%),,620 8TH AVE.,NEW YORK,NY,10018,627,TNYC NYC SALES TAX (8.875%),No
"THE PACE COMPANIES NEW YORK, INC.",NNY NON-TAXABLE NY (0%),,41 BOX STREET,BROOKLYN,NY,11222,630,NNY NON-TAXABLE NY (0%),No
THE PAR GROUP,NNY NON-TAXABLE NY (0%),,60 NORTH PROSPECT AVENUE,LYNBROOK,NY,11563,949,NNY NON-TAXABLE NY (0%),
THE PORT AUTH. OF NY&NJ BILL TO 120 ACADE,NNJ Non-Taxable Sales New Jersey (0%),,120 ACADEMY STREET,JERSEY CITY,NJ,7302,631,NNJ Non-Taxable Sales New Jersey (0%),Yes
THE PORT AUTH. OF NY&NJ - LINCOLN TUNNEL,NNJ Non-Taxable Sales New Jersey (0%),,500 BOULEVARD EAST,WEEHAWKEN TOWNSHIP,NJ,7086,997,NNJ Non-Taxable Sales New Jersey (0%),
THE PORT AUTHORITY OF NY& NJ - 260 KELLOG,NNY NON-TAXABLE NY (0%),,4 WORLD TRADE CENTER 150 GREENWICH STREET,NEW YORK,NY,10006,634,NNY NON-TAXABLE NY (0%),No
THE PORT AUTHORITY OF NY & NJ (CUST),NNJ Non-Taxable Sales New Jersey (0%),,CENTRAL HEATING & REFRIG. PLANT,NEWARK,NJ,7114,633,NNJ Non-Taxable Sales New Jersey (0%),Yes
THERMAL PIPING,NNJ Non-Taxable Sales New Jersey (0%),,493 SYKESVILLE/WRIGHTSTOWN RD.,WRIGHTSTOWN,NJ,8562,639,NNJ Non-Taxable Sales New Jersey (0%),No
THE RMR GROUP INC.,TNYN NY NASSAU SALES TAX (8.625%),,"200 OLD COUNTRY ROAD, SUITE 124S",MINEOLA,NY,11501,862,TNYN NY NASSAU SALES TAX (8.625%),Yes
"THE SHANNON GROUP, INC.",NNY NON-TAXABLE NY (0%),,120 SEVENTH ST,GARDEN CITY,NY,11530,1056,NNY NON-TAXABLE NY (0%),
THE SHELDON AT SUFFERN STATION,NYR NY ROCKLAND SALES TAX (8.375%),,92 BLAUVELT WAY,SUFFERN,NY,11901,635,NYR NY ROCKLAND SALES TAX (8.375%),No
THE SHORE AT NEWPORT CONDOMINIUM ASSOC.,TNJ NJ SALES TAX (6.625%),,20 NEWPORT PARKWAY,JERSEY CITY,NJ,07310-2301,636,TNJ NJ SALES TAX (6.625%),No
THE TURKEVI CENTER,NNY NON-TAXABLE NY (0%),,821 1ST AVENUE,NEW YORK,NY,10017,771,NNY NON-TAXABLE NY (0%),Yes
THE WHITING-TURNER CONTRACTING COMPANY,NNJ Non-Taxable Sales New Jersey (0%),,"412 MOUNT KEMBLE AVENUE, SUITE 110S",MORRISTOWN,NJ,7960,917,NNJ Non-Taxable Sales New Jersey (0%),No
THE WINDWARD SCHOOL,NNY NON-TAXABLE NY (0%),,ATTN; A/P,WHITE PLAINS,NY,10605-5298,637,NNY NON-TAXABLE NY (0%),No
THORLABS INC.,TNJ NJ SALES TAX (6.625%),,43 SPARTA AVE.,NEWTON,NJ,7860,642,TNJ NJ SALES TAX (6.625%),No
TINTON FALLS BOARD OF EDUCATION (ESCNJ),NNJ Non-Taxable Sales New Jersey (0%),,658 TINTON AVE.,TINTON FALLS,NJ,7724,644,NNJ Non-Taxable Sales New Jersey (0%),No
TISHMAN SPEYER,,,,,,,844,,
"T.M. BIER & ASSOCIATES, INC.",NNY NON-TAXABLE NY (0%),,79 Hazel Street,Glen Cove,NY,11542,843,NNY NON-TAXABLE NY (0%),No
"TM BRENNAN CONTRACTORS, INC.",NNJ Non-Taxable Sales New Jersey (0%),,3505 ROUTE 94,HAMBURG,NJ,7419,645,NNJ Non-Taxable Sales New Jersey (0%),No
"TORCON/HARVEY, A JOINT VENTURE.",,,328 NEWMAN SPRINGS ROAD,RED BANK,NJ,7701,854,,No
TOURNEAU LLC,TNYC NYC SALES TAX (8.875%),,30-30 47TH AVENUE 2ND FL,LONG ISLAND CITY,NY,11101,648,TNYC NYC SALES TAX (8.875%),No
TOWNSHIP OF FRANKLIN (ESCNJ),NNJ Non-Taxable Sales New Jersey (0%),,SOMERSET COUNTY,SOMERSET,NJ,8873,651,NNJ Non-Taxable Sales New Jersey (0%),No
TOWNSHIP OF HANOVER,NNJ Non-Taxable Sales New Jersey (0%),,"1000 NEW JERSEY 10 - PO BOX 250
d/b/a TWSP OF HANOVER",WHIPPANY,NJ,7981,975,NNJ Non-Taxable Sales New Jersey (0%),
TOWNSHIP OF HOLMDEL (ESCNJ),NNJ Non-Taxable Sales New Jersey (0%),,4 CRAWFORDS CORNER ROAD,HOLMDEL,NJ,7733,652,NNJ Non-Taxable Sales New Jersey (0%),No
TOWNSHIP OF PARSIPPANY-TROY HILLS (ESCNJ),NNJ Non-Taxable Sales New Jersey (0%),,1001 PARSIPPANY BOULEVARD,PARSIPPANY,NJ,7054,842,NNJ Non-Taxable Sales New Jersey (0%),No
TOWNSHIP OF PLAINSBORO,NNJ Non-Taxable Sales New Jersey (0%),,ATTN: FINANCE DEPARTMENT,PLAINSBORO,NJ,8536,653,NNJ Non-Taxable Sales New Jersey (0%),No
TOWNSHIP OF PLAINSBORO (ESCNJ),NNJ Non-Taxable Sales New Jersey (0%),,"ATTN: FINANCE DEPARTMENT, 641 PLAINSBORO ROAD",PLAINSBORO,NJ,8536,895,NNJ Non-Taxable Sales New Jersey (0%),No
TOWNSHIP OF SOUTH ORANGE VILLAGE (ESCNJ),NNJ Non-Taxable Sales New Jersey (0%),,"76 SOUTH ORANGE AVE, SUITE 302",SOUTH ORANGE,NJ,7079,1011,NNJ Non-Taxable Sales New Jersey (0%),
TOWNSHIP OF UNION,NNJ Non-Taxable Sales New Jersey (0%),,1976 MORRISON AVENUE,UNION,NJ,7083,789,NNJ Non-Taxable Sales New Jersey (0%),No
TOWNSHIP OF WAYNE (ESCNJ),NNJ Non-Taxable Sales New Jersey (0%),,475 VALLEY RD,WAYNE,NJ,7470,1061,NNJ Non-Taxable Sales New Jersey (0%),
"TRADITIONAL AIR CONDITIONING, INC.",NNY NON-TAXABLE NY (0%),,32 EAST CARL STREET,HICKSVILLE,NY,11801,778,NNY NON-TAXABLE NY (0%),No
TRANE U.S. INC.,NNJ Non-Taxable Sales New Jersey (0%),,"19 CHAPIN ROAD, BUILDING B, SUITE 200",PINE BROOK,NJ,7058,743,NNJ Non-Taxable Sales New Jersey (0%),No
"TREFZ MECHANICAL, INC.",NPA NON-TAXABLE PA (0%),,619 MAPLE AVENUE,LANSDALE,PA,19446,932,NPA NON-TAXABLE PA (0%),
TREMATORE CONSTRUCTION CORP.,NNJ Non-Taxable Sales New Jersey (0%),,"5 DANIEL ROAD, STE 1",FAIRFIELD,NJ,7004,656,NNJ Non-Taxable Sales New Jersey (0%),No
TRENDS URBAN RENEWAL,NYR NY ROCKLAND SALES TAX (8.375%),,4 EXECUTIVE BLVD.  SUITE 200,SUFFERN,NY,10901,657,NYR NY ROCKLAND SALES TAX (8.375%),No
TREY BECK,TNYS NY SUFFOLK SALES TAX (8.625%),beck.trey@gmail.com,5250 VANSTON RD,CUTCHOGUE,NY,11935,928,TNYS NY SUFFOLK SALES TAX (8.625%),No
"TRI-COUNTY MECANICAL, INC.",,,425 SPRINGFIELD STREET,COOPERSBURG,PA,18036,990,,
TRIDENT AIR CONDITIONING CORP.,NNY NON-TAXABLE NY (0%),,575 JERICHO TURNPIKE,JERICHO,NY,11753,741,NNY NON-TAXABLE NY (0%),No
TRINITY EVANGELICAL LUTHERAN CHURCH,NPA NON-TAXABLE PA (0%),,1000 West Main Street,Lansdale,PA,19446,1020,NPA NON-TAXABLE PA (0%),
TRIPLE R DEVELOPMENT,TNYW NY WESTCHESTER SALES TAX (8.375%),,75 CRYSTAL RUN ROAD,MIDDLETOWN,NY,10940,880,TNYW NY WESTCHESTER SALES TAX (8.375%),No
TRISTATE AIR CONDITIONING,NNY NON-TAXABLE NY (0%),,212-11 99TH AVE.,QUEENS VILLAGE,NY,11429,658,NNY NON-TAXABLE NY (0%),No
"TRI-STATE LIGHT & ENERGY, INC.",NNJ Non-Taxable Sales New Jersey (0%),,7 FOUNDRY STREET,NEWARK,NJ,7105,855,NNJ Non-Taxable Sales New Jersey (0%),No
TRISTATE MAINTENANCE & SERVICE CORP.,NNJ Non-Taxable Sales New Jersey (0%),,170 21ST AVENUE,PATERSON,NJ,7501,769,NNJ Non-Taxable Sales New Jersey (0%),No
TRYSTATE MECHANICAL,NNY NON-TAXABLE NY (0%),ryan.sepulveda@trystatemech.com,241-02 NORTHERN BLVD. 2ND FLOOR,DOUGLASTON,NY,11362,1057,NNY NON-TAXABLE NY (0%),
TSI GROUP,,,,,,,885,,
TUCKAHOE UNION FREE SCHOOL DISTRICT,NNY NON-TAXABLE NY (0%),,65 SIWANOY BLVD,EASTCHESTER,NY,10709,889,NNY NON-TAXABLE NY (0%),No
TURNBULL & ASSER LTD,TNYC NYC SALES TAX (8.875%),,50 E. 57TH ST.,NEW YORK,NY,10022,661,TNYC NYC SALES TAX (8.875%),Yes
TURNER CONSTRUCTION COMPANY,NNY NON-TAXABLE NY (0%),,375 HUDSON STREET,NEW YORK,NY,10014,662,NNY NON-TAXABLE NY (0%),No
TURNER SANORUBIN JOINT VENTURE,NNY NON-TAXABLE NY (0%),,1 COMPUTER DRIVE SOUTH,ALBANY,NY,12205,663,NNY NON-TAXABLE NY (0%),No
ULTIMATE POWER,NNY NON-TAXABLE NY (0%),,45 NANCY STREET,W. BABYLON,NY,11704-1498,665,NNY NON-TAXABLE NY (0%),No
UNIFIED MECHANCAL CORPORATION,NNJ Non-Taxable Sales New Jersey (0%),,1250 SOUTH AVENUE,PLAINFIELD,NJ,7062,971,NNJ Non-Taxable Sales New Jersey (0%),
UNION COLLEGE (ESCNJ),NNJ Non-Taxable Sales New Jersey (0%),,1033 SPRINGFIELD AVE.,CRANFORD,NJ,7016,668,NNJ Non-Taxable Sales New Jersey (0%),Yes
UNION COLLEGE (UCC),NNJ Non-Taxable Sales New Jersey (0%),,1033 SPRINGFIELD AVENUE,CRANFORD,NJ,7016,669,NNJ Non-Taxable Sales New Jersey (0%),No
UNION COUNTY EDUCATIONAL SERVICES COMMIS.,NNJ Non-Taxable Sales New Jersey (0%),,45 CARDINAL DRIVE,WESTFIELD,NJ,7090,728,NNJ Non-Taxable Sales New Jersey (0%),No
UNION TOWNSHIP BOARD OF EDUCATION (ESCNJ),NNJ Non-Taxable Sales New Jersey (0%),,149 PERRYVILLE ROAD,HAMPTON,NJ,8827,835,NNJ Non-Taxable Sales New Jersey (0%),No
UNITED AIR CONDITIONING,NNY NON-TAXABLE NY (0%),,27-20 SKILLMAN AVE,LONG ISLAND CITY,NY,11101,672,NNY NON-TAXABLE NY (0%),No
UNITED STATES POSTAL SERVICE,NNY NON-TAXABLE NY (0%),Orlando.Lozada@usps.gov,380 West 33rd Street - Room 4047,New York,NY,10199,839,NNY NON-TAXABLE NY (0%),No
UNITEMP MECHANICAL DEGREES LLC,NNJ Non-Taxable Sales New Jersey (0%),,26 WORLDS FAIR DRIVE,SOMERSET,NJ,8873,673,NNJ Non-Taxable Sales New Jersey (0%),No
UPPER SADDLE RIVER BOARD OF EDUCATION,NNJ Non-Taxable Sales New Jersey (0%),,381 W. SADDLE RIVER ROAD,UPPER SADDLE RIVER,NJ,7458,933,NNJ Non-Taxable Sales New Jersey (0%),Yes
UPPER SADDLE RIVER BOE (ESCNJ),NNJ Non-Taxable Sales New Jersey (0%),,381 W. SADDLE RIVER ROAD,UPPER SADDLE RIVER,NJ,7458,995,NNJ Non-Taxable Sales New Jersey (0%),
"US FOODS, INC.",TNJ NJ SALES TAX (6.625%),,1051 AMBOY AVE,PERTH AMBOY,NJ,8861,1040,TNJ NJ SALES TAX (6.625%),
"VALLEY PHYSICIAN SERVICES, INC.",NNJ Non-Taxable Sales New Jersey (0%),,"15 ESSEX ROAD, SUITE 506",PARAMUS,NJ,7652,853,NNJ Non-Taxable Sales New Jersey (0%),No
VALLEY STREAM CENTRAL H.S. DISTRICT (ED-DATA),NNY NON-TAXABLE NY (0%),,1 KENT ROAD,VALLEY STREAM,NY,11580,840,NNY NON-TAXABLE NY (0%),No
VAMC ST ALBANS,NNY NON-TAXABLE NY (0%),,179-00 LINDEN BOULEVARD,WESTFIELD,NY,11434,890,NNY NON-TAXABLE NY (0%),
VELTRI,TNJ NJ SALES TAX (6.625%),,13 POCONO AVE,MONMOUTH,NJ,7757,1009,TNJ NJ SALES TAX (6.625%),
VERIS RESIDENTIAL,TNJ NJ SALES TAX (6.625%),,"210 HUDSON STREET, SUITE 400",JERSEY CITY,NJ,7311,973,TNJ NJ SALES TAX (6.625%),
VIRGIN HOTELS NEW YORK CITY,TNYC NYC SALES TAX (8.875%),,1227 BROADWAY,NEW YORK,NY,10001,1003,TNYC NYC SALES TAX (8.875%),
VISION PROPERTIES (350 & 360 Mt Kemble),TNJ NJ SALES TAX (6.625%),,169 LACKAWANNA AVE,PARSIPPANY,NJ,7054,684,TNJ NJ SALES TAX (6.625%),Yes
VISION REAL ESTATE PARTNERS,TNJ NJ SALES TAX (6.625%),,1 BLOOMFIELD AVE.,MOUNTAIN LAKES,NJ,7046,685,TNJ NJ SALES TAX (6.625%),No
VISITING NURSE ASSOCIATION OF NORTHERN NJ,NNJ Non-Taxable Sales New Jersey (0%),,175 SOUTH STREET,MORRISTOWN,NJ,7960,686,NNJ Non-Taxable Sales New Jersey (0%),No
"VIVIAN BEAUMONT THEATER, INC",NNY NON-TAXABLE NY (0%),,150 WEST 65TH STREET,NEW YORK,NY,10023,687,NNY NON-TAXABLE NY (0%),Yes
VOLMAR CONSTRUCTION INC.,NNY NON-TAXABLE NY (0%),,4400 2ND AVENUE,BROOKLYN,NY,11232,688,NNY NON-TAXABLE NY (0%),No
VOLUNTEERS OF AMERICA,NNY NON-TAXABLE NY (0%),,25 OPERATIONS DRIVE,VALHALLA,NY,10595,689,NNY NON-TAXABLE NY (0%),No
VORNADO REALTY TRUST,TNJ NJ SALES TAX (6.625%),,"888 7TH AVE, 43RD FLOOR",NEW YORK,NY,10019,977,TNJ NJ SALES TAX (6.625%),
WALLKILL VALLEY RHS BOARD OF EDUCATION,NNJ Non-Taxable Sales New Jersey (0%),,10 GRUMM RD,HAMBURG,NJ,7419,982,NNJ Non-Taxable Sales New Jersey (0%),
WALL TOWNSHIP BOARD OF EDUCATION (ESCNJ),NNJ Non-Taxable Sales New Jersey (0%),,1630 18TH AVENUE,WALL,NJ,7719,788,NNJ Non-Taxable Sales New Jersey (0%),No
WARREN HILLS REG SCHOOL DISTRICT (ESCNJ),,,98 BOWERSTOWN ROAD,WASHINGTON,NJ,7882,907,,No
WATCHUNG HILLS REG TWP HS BOE (ESCNJ),NNJ Non-Taxable Sales New Jersey (0%),,108 STIRLING RD,WARREN,NJ,7059,696,NNJ Non-Taxable Sales New Jersey (0%),Yes
WATTS HVAC LLC,NNJ Non-Taxable Sales New Jersey (0%),,628 SUCCASUNNA ROAD,LANDING,NJ,7850,1035,NNJ Non-Taxable Sales New Jersey (0%),
WAYNE BOARD OF EDUCATION (ED-DATA),,,50 NELLIS DRIVE,WAYNE,NJ,7470,1068,,
WAYNE BOARD OF EDUCATION (ESCNJ),NNJ Non-Taxable Sales New Jersey (0%),,50 NELLIS DRIVE,WAYNE,NJ,7470,758,NNJ Non-Taxable Sales New Jersey (0%),No
WEITZ & LUXENBERG,TNYC NYC SALES TAX (8.875%),,700 BROADWAY,NEW YORK,NY,10003,698,TNYC NYC SALES TAX (8.875%),Yes
WELSPUN USA  INC.,TNYC NYC SALES TAX (8.875%),,"10 W 33RD ST, SUITE 1221",NEW YORK,NY,10001,700,TNYC NYC SALES TAX (8.875%),Yes
"WESTCHESTER COMM. OPPORTUN PROGRAM, INC.",NNY NON-TAXABLE NY (0%),,25 OPERATIONS DRIVE,VALHALLA,NY,10595,754,NNY NON-TAXABLE NY (0%),No
WESTCHESTER COUNTY HEALTHCARE CORP.,NNY NON-TAXABLE NY (0%),,TAYLOR PAVILION,VALHALLA,NY,10595,705,NNY NON-TAXABLE NY (0%),Yes
WEST ESSEX REG SCHOOL DIST BOE (ESCNJ),NNJ Non-Taxable Sales New Jersey (0%),,65 WEST GREENBROOK ROAD,NORTH CALDWELL,NJ,7006,701,NNJ Non-Taxable Sales New Jersey (0%),No
WEST JERSEY AIR CONDITIONING & HEATING CO,NNJ Non-Taxable Sales New Jersey (0%),,5800 WESTFIELD AVENUE,PENNSAUKEN,NJ,8110,940,NNJ Non-Taxable Sales New Jersey (0%),No
WEST MILFORD TWP B.O.E. (ESCNJ),NNJ Non-Taxable Sales New Jersey (0%),,46 HIGHLANDER DRIVE,WEST MILFORD,NJ,7480,702,NNJ Non-Taxable Sales New Jersey (0%),No
WEST NEW YORK BOE (ESCNJ),NNJ Non-Taxable Sales New Jersey (0%),,6028 BROADWAY,WEST NEW YORK,NJ,7903,704,NNJ Non-Taxable Sales New Jersey (0%),No
WEST ORANGE SURGICAL CENTER LLC,TNJ NJ SALES TAX (6.625%),,375 MOUNT PLEASANT AVE - STE 210,WEST ORANGE,NJ,7052,981,TNJ NJ SALES TAX (6.625%),
WILD STONE,NNY NON-TAXABLE NY (0%),,"733 THIRD AVE, 15TH FLOOR",NEW YORK,NY,10017,1007,NNY NON-TAXABLE NY (0%),
"WILLIAM J. GUARINI, INC.",NNJ Non-Taxable Sales New Jersey (0%),,152 STEVENS AVE.,JERSEY CITY,NJ,7305,709,NNJ Non-Taxable Sales New Jersey (0%),No
WJ SANTORO LLC,TNJ NJ SALES TAX (6.625%),wsantoro1120@gmail.com,11 Allens Corner Road,Flemington,NJ,8822,850,TNJ NJ SALES TAX (6.625%),No
WM BLANCHARD CO.,NNJ Non-Taxable Sales New Jersey (0%),,199 MOUNTAIN AVE.,SPRINGFIELD,NJ,7081,711,NNJ Non-Taxable Sales New Jersey (0%),No
WMC ASSOCIATES,TNYC NYC SALES TAX (8.875%),,105 E. 106TH STREET,NEW YORK,NY,10029,712,TNYC NYC SALES TAX (8.875%),Yes
WOODBRIDGE TOWNSHIP SCHOOL DISTRICT,NNJ Non-Taxable Sales New Jersey (0%),,421 SCHOOL STREET,WOODBRIDGE,NJ,7095,884,NNJ Non-Taxable Sales New Jersey (0%),No
WOODBRIDGE TWP SCHOOL DISTRICT (ESCNJ),NNJ Non-Taxable Sales New Jersey (0%),,421 SCHOOL STREET,WOODBRIDGE,NJ,7095,999,NNJ Non-Taxable Sales New Jersey (0%),
WOOD-RIDGE BOARD OF EDUCATION,,,540 WINDSOR ROAD,WOOD-RIDGE,NJ,7075,713,,
WOOD-RIDGE BOARD OF EDUCATION(ESCNJ),NNJ Non-Taxable Sales New Jersey (0%),,540 WINDSOR RD.,WOOD-RIDGE,NJ,7075,714,NNJ Non-Taxable Sales New Jersey (0%),No
"WORTH & COMPANY, INC",NNJ Non-Taxable Sales New Jersey (0%),,6263 KELLERS CHURCH ROAD,PIPERSVILLE,PA,18947,938,NNJ Non-Taxable Sales New Jersey (0%),
WYCKOFF SCHOOL DISTRICT (ESCNJ),NNJ Non-Taxable Sales New Jersey (0%),,241 MORSE AVENUE,WYCKOFF,NJ,7481,718,NNJ Non-Taxable Sales New Jersey (0%),Yes
YES PAC,TNJ NJ SALES TAX (6.625%),,260 CENTENNIAL AVE,PISCATAWAY,NJ,8854,720,TNJ NJ SALES TAX (6.625%),No
YWCA OF WHITE PLAINS&CENTRAL WESTCHESTER,NNY NON-TAXABLE NY (0%),,515 NORTH STREET,WHITE PLAINS,NY,10605,721,NNY NON-TAXABLE NY (0%),No
ZEINVEST REALESTATE GROUP,TNJ NJ SALES TAX (6.625%),,109 MONROE STREET SUITE 301,NEWARK,NJ,7105,722,TNJ NJ SALES TAX (6.625%),No
