matched_customer_id,customer_name_in_contract,contract_name,contract_number,contract_value,contract_status,start_date,end_date,contract_email,contract_notes
580,SOMERSET COUNTY,SOMERSET - MAINTENANCE,CC-0010-23,436320.0,active,2023-09-01,2026-08-31,,Work tickets must be sent with all invoices per customer.
138,CLIFTON BOARD OF EDUCATION,CLIFTON BOARD OF EDUCATION - MAINTENANCE,25-0620-745NJ,316339.0,active,2025-07-01,2026-06-30,,
731,THE MUSEUM OF MODERN ART (MOMA),THE MUSEUM OF MODERN ART (MOMA) - MAINTENANCE,,277690.0,expired,2023-07-01,2024-06-30,,
466,NEWARK BETH ISRAEL MEDICAL CTR,NEWARK BETH ISRAEL - Maintenance,23-0104-201NJ,248256.0,active,2025-03-01,2026-02-28,diane.flakker@rwjbh.org,Contract Price Changes September Annually
466,NEWARK BETH ISRAEL MEDICAL CTR,NEWARK BETH ISRAEL - Maintenance,23-0104-201NJ,244596.0,expired,2024-03-01,2025-02-28,diane.flakker@rwjbh.org,Contract Price Changes September Annually
385,LINCOLN CENTER FOR THE PERFORMING ARTS,LINCOLN CENTER FOR THE PERFORMING ARTS -  MAINTENANCE,PO4933,243090.0,active,2024-09-01,2025-08-31,,
385,LINCOLN CENTER FOR THE PERFORMING ARTS,140 W 65TH STREET & CENTRAL MECHANICAL PLANT - MAINTENANCE,PM-1002,240683.47,expired,2019-09-01,2023-08-30,,Contract changes September annually.
197,EAST BRUNSWICK SCHOOL DIST(ESCNJ),EAST BRUNSWICK - MAINTENANCE,25-0522-760NJ,239810.0,active,2025-07-01,2026-06-30,gschenck@ebnet.org,
466,NEWARK BETH ISRAEL MEDICAL CTR,NEWARK BETH ISRAEL - Maintenance,23-0104-201NJ,238620.0,expired,2023-03-01,2024-02-29,diane.flakker@rwjbh.org,Contract Price Changes September Annually
197,EAST BRUNSWICK SCHOOL DIST(ESCNJ),13 DISTRICT LOCATIONS - Maintenance,23-061622-760NJ,233960.0,expired,2022-07-01,2023-06-30,gschenck@ebnet.org,
197,EAST BRUNSWICK SCHOOL DIST(ESCNJ),EAST BRUNSWICK - MAINTENANCE,23-053023-760NJ,233960.0,expired,2023-07-01,2024-06-30,gschenck@ebnet.org,
197,EAST BRUNSWICK SCHOOL DIST(ESCNJ),EAST BRUNSWICK - MAINTENANCE,24-05073-760NJ,233960.0,expired,2024-07-01,2025-06-30,gschenck@ebnet.org,
350,JLL/CAPITAL ONE,11 WEST 19TH STREET - MAINTENANCE,,185175.0,active,2023-07-01,2026-06-30,isaih.matos@capitalone.com,Monthly
350,JLL/CAPITAL ONE,299 PARK AVENUE - MAINTENANCE,,167250.0,active,2023-07-01,2026-06-30,isaih.matos@capitalone.com,Monthly
234,F & G MECHANICAL CORP.,67 E. PARK PLACE - MAINTENANCE,23-1222-348NJ,150156.0,expired,2024-04-01,2025-03-31,leek@fgmech.com,
580,SOMERSET COUNTY,SOMERSET - MAINTENANCE,CC-0010-20,149040.0,expired,2020-09-01,2023-08-31,,Work tickets must be sent with all invoices per customer.
115,CALDWELL WEST CALDWELL (ESCNJ),7 LOCATIONS - WEST CALDWELL SCHOOL DISTRICT,22-041122-104NJ,147625.0,expired,2022-10-01,2023-09-30,cmarcell@cwcboe.org,
115,CALDWELL WEST CALDWELL (ESCNJ),WEST CALDWELL SCHOOL DISTRICT - MAINTENANCE,23-060123-104NJ,147625.0,expired,2023-07-01,2024-06-30,cmarcell@cwcboe.org,MONTHLY
115,CALDWELL WEST CALDWELL (ESCNJ),WEST CALDWELL SCHOOL DISTRICT - MAINTENANCE,24-0522-104NJ,147625.0,expired,2024-07-01,2025-06-30,cmarcell@cwcboe.org,MONTHLY
115,CALDWELL WEST CALDWELL (ESCNJ),WEST CALDWELL SCHOOL DISTRICT - MAINTENANCE,25-0527-104NJ,147625.0,active,2025-07-01,2026-06-30,cmarcell@cwcboe.org,MONTHLY
385,LINCOLN CENTER FOR THE PERFORMING ARTS,LINCOLN CENTER FOR THE PERFORMING ARTS -  NYPL MAINTENANCE,5585,141292.75,active,2025-07-01,2027-06-30,,
500,PHILLIPSBURG BOARD OF EDUCATION (ESCNJ),PHILLIPSBURG BOARD OF EDUCATION (ESCNJ) - MAINTENANCE,22-1004-50NJ,137736.0,active,2025-07-01,2028-06-30,,
82,BLUMENFELD DEVELOPMENT GROUP,BULOVA CORPORATE CENTER - MAINTENANCE CONTRACT,23-113022-300NY,135150.0,active,2023-01-01,2027-12-31,,
991,"ROCHE MOLECULAR SYSTEMS, INC.","ROCHE MOLECULAR SYSTEMS, INC. - MAINTENANCE",23-0412-1080NJ,119430.0,active,2025-01-01,2029-12-31,,
736,PATERSON BOARD OF EDUCATION (ESCNJ),PATERSON BOARD OF EDUCATION (ESCNJ) -  MAINTENANCE,23-020723-90NJ,114338.0,expired,2023-01-01,2023-12-30,,QUARTERLY
307,HONEYWELL INC.,MOUNT VERNON SCHOOL DISTRICT - MAINTENANCE CONTRACT,24-0523-165NY,104539.0,expired,2024-06-01,2025-05-31,cara.marino@honeywell.com,
307,HONEYWELL INC.,MOUNT VERNON SCHOOL DISTRICT - MAINTENANCE CONTRACT,23-070523-165NY,98782.0,expired,2023-06-01,2024-05-31,cara.marino@honeywell.com,
,MOUNT VERNON CITY SCHOOL DISTRICT,MOUNT VERNON CITY SCHOOL DISTRICT -  MAINTENANCE,,95905.0,expired,2023-03-01,2024-02-29,,"$23,976.25 PER QUARTER"
307,HONEYWELL INC.,MOUNT VERNON SCHOOL DISTRICT - MAINTENANCE CONTRACT,--------,95905.0,expired,2023-03-01,2024-02-29,cara.marino@honeywell.com,"$23,976.25 / QUARTER"
,241 WEST 28TH STREET OWNER LLC,241 WEST 28TH STREET OWNER LLC - MAINTENANCE,23-0451823-241NY,92500.0,active,2023-06-01,2028-05-31,,
307,HONEYWELL INC.,MOUNT VERNON SCHOOL DISTRICT - MAINTENANCE CONTRACT,25-0527-165NY,89264.0,active,2025-06-01,2026-05-31,cara.marino@honeywell.com,
669,UNION COLLEGE (ESCNJ),UNION COLLEGE - MAINTENANCE,23-050823-1033NJ,87004.0,active,2023-10-01,2024-09-30,,Must submit work tickets with invoice.
488,PARAMUS BOARD OF EDUCATION (ESCNJ),PARAMUS SCHOOL DISTRICT - MAINTENANCE,25-042825-145NJ,84263.0,active,2025-07-01,2026-06-30,srusso@paramusschools.org,
429,"MERIDIAN PROPERTY SERVICES, INC.",NEWARK INTERNATIONAL AIRPORT - TERMINAL B,20-081120-315,82152.0,expired,2017-08-20,2023-08-16,acosme@meridianservices.com,Annual contract price is based on if every item is billed in contract.
385,LINCOLN CENTER FOR THE PERFORMING ARTS,DAVID GEFFEN HALL (DGH) - MAINTENANCE,,81546.0,expired,2023-08-01,2024-07-31,,"Weekly.
(plus additional $10,000 contingency for approved repairs)"
488,PARAMUS BOARD OF EDUCATION (ESCNJ),PARAMUS SCHOOL DISTRICT,23-061422-145NJ-13M,80725.0,expired,2022-07-01,2023-06-30,srusso@paramusschools.org,
488,PARAMUS BOARD OF EDUCATION (ESCNJ),PARAMUS SCHOOL DISTRICT - MAINTENANCE,23-061422-145NJ-13M,80725.0,expired,2023-07-01,2024-06-30,srusso@paramusschools.org,
488,PARAMUS BOARD OF EDUCATION (ESCNJ),PARAMUS SCHOOL DISTRICT - MAINTENANCE,24-041724-145NJ,80725.0,expired,2024-07-01,2025-06-30,srusso@paramusschools.org,
138,CLIFTON BOARD OF EDUCATION,CLIFTON BOARD OF EDUCATION - MAINTENANCE,25-0122-745NJ5MPR,73046.0,expired,2025-02-01,2025-06-30,,
798,SECAUCUS BOARD OF EDUCATION (CCESC),SECAUCUS BOARD OF EDUCATION (CCESC) - MAINTENANCE,25-0523-685NJ,71720.0,active,2025-07-01,2026-06-30,,"Monthly
SMA Included
UNL RS"
908,EVESHAM TOWNSHIP SCHOOL DISTRICT (ESCNJ),EVESHAM TOWNSHIP SCHOOL DISTRICT (ESCNJ) -  MAINTENANCE,24-0703-25NJ_2,71354.95,active,2024-07-01,2029-06-30,,
19,693 FIFTH OWNER LLC,COLLIERS 695 5TH - Maintenance,21-051021-693NY,64338.5,expired,2022-07-01,2024-06-30,thomas.hardman@colliers.com,"(3) Years     -      + 3,300 each year (20 service hours / year)    -   60 total.
17,700.00
18,142.50
18,596.00"
350,JLL/CAPITAL ONE,11 WEST 19TH STREET,,61728.0,expired,2020-06-11,2023-06-30,isaih.matos@capitalone.com,
321,IEEE (NON-TAXABLE),IEEE - MAINTENANCE,22-091922-445NJ3Y,60593.94,active,2022-11-01,2025-10-31,,Value = Total Cost
133,CITY OF JERSEY CITY,CITY OF JERSEY CITY PUBLIC SAFETY - MAINTENANCE,25-010125-2NJ,57583.0,active,2025-06-01,2026-05-31,,
19,693 FIFTH OWNER LLC,693 FIFTH OWNER LLC - MAINTENANCE,23103123-693NY,57192.0,active,2024-01-01,2026-01-31,,
687,"VIVIAN BEAUMONT THEATER, INC","VIVIAN BEAUMONT THEATER, INC - MAINTENANCE",25-010125-150NYK,56311.0,active,2025-01-01,2028-12-31,,MONTHLY
350,JLL/CAPITAL ONE,299 PARK AVENUE,,55750.0,expired,2020-06-11,2023-06-30,isaih.matos@capitalone.com,"Per Steve, Limit on the NTE is $5,058.15"
410,MARLBORO TOWNSHIP B.O.E. (ESCNJ),MARLBORO SCHOOL DISTRICT,22-062822-1980NJ,55418.0,expired,2022-07-01,2023-06-30,mulanich@marlboro.k12.nj.us,
410,MARLBORO TOWNSHIP B.O.E. (ESCNJ),MARLBORO SCHOOL DISTRICT - MAINTENANCE,23-053123-1980NJ,55418.0,expired,2023-07-01,2024-06-30,mulanich@marlboro.k12.nj.us,
410,MARLBORO TOWNSHIP B.O.E. (ESCNJ),MARLBORO SCHOOL DISTRICT - MAINTENANCE,21-060821-1980NJ,55418.0,expired,2024-07-01,2025-06-30,mulanich@marlboro.k12.nj.us,
765,"LB&B ASSOCIATES, INC","LB&B ASSOCIATES, INC - MAINTENANCE CONTRACT",22-121522-1040NY,54418.0,expired,2023-04-01,2024-03-31,,Monthly
765,"LB&B ASSOCIATES, INC","LB&B ASSOCIATES, INC - MAINTENANCE CONTRACT",22-121522-1040NY,54418.0,expired,2024-04-01,2025-03-31,,Monthly
1016,BEAM LIVING,Beam Living - Stuyvesant Maintenance,24-121724-NY_rev1,53438.52,active,2025-01-01,2025-12-31,,
911,ARAMARK FACILITIES MANAGEMENT,FAIRLEIGH DICKINSON UNIVERSITY - MAINTENANCE,24-042524-383NJ,49806.0,active,2024-06-01,2025-05-31,,
798,SECAUCUS BOARD OF EDUCATION (CCESC),SECAUCUS BOARD OF EDUCATION (CCESC) - MAINTENANCE,23-053123-685NJ,48996.0,expired,2023-07-01,2024-06-30,,"Monthly
SMA Included
UNL RS"
798,SECAUCUS BOARD OF EDUCATION (CCESC),SECAUCUS BOARD OF EDUCATION (CCESC) - MAINTENANCE,24-0524-685NJ,48996.0,expired,2024-07-01,2025-06-30,,"Monthly
SMA Included
UNL RS"
862,THE RMR GROUP INC.,THE RMR GROUP INC. - MAINTENANCE,23-061623-200NY,46545.0,active,2024-01-01,2026-12-31,,
312,HUDSON COUNTY SCHOOLS OF TECH (ESCNJ),HUDSON COUNTY TECH (FRANK J. GARGIULO CAMPUS) - MAINTENANCE,22-020822-1NJ,45000.0,expired,2022-03-01,2025-02-28,wzitt@hcstonline.org,"Per Tracy ( phone call) , she said use the same PO number- what they do is just increase the amount. she said no need to send us an updated PO."
669,UNION COLLEGE (ESCNJ),UNION COUNTY COLLEGE - MAINTENANCE,23-121422-1033NJ,43850.0,expired,2023-01-01,2023-06-30,,Must submit work tickets with invoice.
718,WYCKOFF SCHOOL DISTRICT (ESCNJ),WYCKOFF SCHOOL DISTRICT (ESCNJ) - MAINTENANCE,23-042722-241NJ-3YR,43839.75,expired,2022-07-01,2025-06-30,,2 Visits per school per year
278,HACKENSACK BOARD OF EDUCATION,HACKENSACK BOARD OF EDUCATION - PNEUMATICS MAINTENANCE,24-0822-191NJ,43680.0,active,2025-07-01,2026-06-30,,
278,HACKENSACK BOARD OF EDUCATION,HACKENSACK BOARD OF EDUCATION - PNEUMATICS MAINTENANCE,24-0822-191NJ,41440.0,expired,2024-07-01,2025-06-30,,
463,"NEW YORK CENTER MANAGEMENT, LLC",NY CENTER FOR AMBULATORY SURGERY - MAINTENANCE,25-101421-1210NY,40692.0,active,2025-01-01,2027-12-31,apoulos@surgery-nyc.com,Bill To-New York Center for Ambulatory Surgery
256,GAP INC.,GAP TSQ - MAINTENANCE,21-111121-55NY-R2,39133.0,expired,2022-01-01,2024-12-31,tyler_daniels@gap.com,Billed in advance
463,"NEW YORK CENTER MANAGEMENT, LLC",NY CENTER FOR AMBULATORY SURGERY - MAINTENANCE,21-101421-1210NY,39120.0,expired,2021-12-01,2024-11-30,apoulos@surgery-nyc.com,Bill To-New York Center for Ambulatory Surgery
426,MEMORIAL SLOAN KETTERING,MEMORIAL SLOAN KETTERING - MAINTENANCE,24-1014-136NJ-1LE,38994.0,active,2025-01-01,2025-12-31,goldingj@mskcc.org,"Monthly (16 visits)
SMA included
UNL RS"
410,MARLBORO TOWNSHIP B.O.E. (ESCNJ),MARLBORO SCHOOL DISTRICT - MAINTENANCE,26-0624-1980NJ,37796.0,active,2025-07-01,2026-06-30,mulanich@marlboro.k12.nj.us,
426,MEMORIAL SLOAN KETTERING,MEMORIAL SLOAN KETTERING - MAINTENANCE,23-091923-136NJ,37115.0,expired,2024-01-01,2024-12-31,goldingj@mskcc.org,"Monthly (16 visits)
SMA included
UNL RS"
730,HILLSBOROUGH TOWNSHIP PUBLIC SCHOOLS,HILLSBOROUGH TOWNSHIP PUBLIC SCHOOLS - MAINTENANCE,23-060123-379NJ,36022.0,active,2023-07-01,2024-06-30,,
813,HILLSBOROUGH TWP B.O.E. (ESCNJ),HILLSBOROUGH TWP B.O.E. (ESCNJ) - MAINTENANCE,11519,36022.0,expired,2024-07-01,2025-06-30,,
813,HILLSBOROUGH TWP B.O.E. (ESCNJ),HILLSBOROUGH TWP B.O.E. (ESCNJ) - MAINTENANCE,12751,36022.0,active,2025-07-01,2026-06-30,,
489,PASCACK VALLEY REG. H.S. DIST. (ESCNJ ),PHHS & PVHS - MAINTENANCE,24-0524-228NJ,35043.0,active,2024-07-01,2025-06-30,amorgen@pascack.org,Monthly
705,WESTCHESTER COUNTY HEALTHCARE CORP.,WMC AMBULATORY CARE PAVILLION - SERVICE CONTRACT ONLY,WMC-04721,34990.0,expired,2022-12-01,2023-11-30,robert.daly@wmchealth.org,
705,WESTCHESTER COUNTY HEALTHCARE CORP.,WMC AMBULATORY CARE PAVILLION - SERVICE CONTRACT ONLY,WMC-07377,34990.0,active,2023-12-01,2024-11-30,robert.daly@wmchealth.org,
169,CWP- NYC PROPERTY MGT SERVICES,787 SEVENTH AVENUE -  MAINTENANCE,23-120122-787NY,34900.0,active,2022-12-01,2025-12-01,pnaughton@cwp-ms.com,Keep billing monthly per AP (01.13.22); 02.11.22 GH / SI / LM working on reviewing the costs of the SMA's + maintenance. Reviewing to see if PM's were included in the construction job for 3 years. How do we make back $ for the SMA's?
926,BLUE MANAGEMENT SERVICES,BLUE MANAGEMENT 33 WASHINGTON - MAINTENANCE,25-0515-33NJ,34848.0,active,2025-05-01,2026-04-30,,
489,PASCACK VALLEY REG. H.S. DIST. (ESCNJ ),PHHS & PVHS,23-061022-28NJ,34672.0,expired,2022-07-01,2023-06-30,amorgen@pascack.org,
489,PASCACK VALLEY REG. H.S. DIST. (ESCNJ ),PHHS & PVHS - MAINTENANCE,23-053123-28NJ,34672.0,expired,2023-07-01,2024-06-30,amorgen@pascack.org,Monthly
385,LINCOLN CENTER FOR THE PERFORMING ARTS,DAVID GEFFEN HALL - MAINTENANCE,24-092222-70NY,33975.0,expired,2024-04-01,2024-08-31,,
529,RANDOLPH TWP B.O.E. (ESCNJ),RANDOLPH TWP B.O.E. - MAINTENANCE,23-052622-25NJ,33632.0,expired,2022-07-01,2023-06-30,ssanchez@rtnj.org,
926,BLUE MANAGEMENT SERVICES,BLUE MANAGEMENT 33 WASHINGTON - MAINTENANCE,24-042424-289NJ,33264.0,expired,2024-05-01,2025-04-30,,
765,"LB&B ASSOCIATES, INC","LB&B ASSOCIATES, INC - MAINTENANCE CONTRACT",25-0325-1040NY,32730.0,active,2025-04-01,2026-03-31,,Monthly
153,CORE FACILITIES SERVICES LLC.,CORE FACILITIES SERVICES LLC. - MAINTENANCE TERMINAL A,,32648.0,active,2024-08-01,2025-07-31,,
133,CITY OF JERSEY CITY,CITY OF JERSEY CITY 1 & 4 - MAINTENANCE,24-010124-1&4NJ,31622.0,expired,2024-05-10,2024-12-31,,
153,CORE FACILITIES SERVICES LLC.,CORE FACILITIES SERVICES LLC. - MAINTENANCE TERMINAL B,,31491.6,active,2024-08-01,2025-07-31,,
325,INSIGHT PARTNERS,1114 6TH AVENUE - MAINTENANCE,25-*051925-1114NY,30852.0,active,2025-05-01,2028-04-30,ljfelix@insightpartners.com,
775,"CUSHMAN & WAKEFIELD, INC. (650 FIFTH)","CUSHMAN & WAKEFIELD, INC. (650 FIFTH) - MAINTENANCE",23-0140423-650NY,30691.8,active,2023-04-01,2026-03-31,,
529,RANDOLPH TWP B.O.E. (ESCNJ),RANDOLPH TWP B.O.E. - MAINTENANCE,25-0624-25NJ,29345.0,active,2025-07-01,2026-06-30,ssanchez@rtnj.org,
133,CITY OF JERSEY CITY,CITY HALL ANNEX 4 / 1 & 2 JACKSON SQUARE,23-102822-1&4NJ,28588.0,expired,2022-01-01,2022-12-31,dcarlucci@jcnj.org,"NL - Submitted Vendor Registration; PO only for $5,000.00"
798,SECAUCUS BOARD OF EDUCATION (CCESC),SECAUCUS HIGH/MIDDLE SCHOOL & CLARENDON ES - Maintenance,22-061322-685NJ,28582.0,expired,2022-12-01,2023-06-30,lnicolich@sboe.org,
529,RANDOLPH TWP B.O.E. (ESCNJ),RANDOLPH TWP B.O.E. - MAINTENANCE,23-052323-25NJ,28288.0,expired,2023-07-01,2024-06-30,ssanchez@rtnj.org,
529,RANDOLPH TWP B.O.E. (ESCNJ),RANDOLPH TWP B.O.E. - MAINTENANCE,24-0524-25NJ,28288.0,expired,2024-07-01,2025-06-30,ssanchez@rtnj.org,
957,MOUNTAIN LAKES BOARD OF EDUCATION,MOUNTAIN LAKES BOARD OF EDUCATION - PNEUMATICS MAINTENANCS,25-0515-400NJ,28160.0,active,2025-07-01,2026-06-30,,
125,CENTER FOR URBAN COMMUNITY SERVICES,CENTER FOR URBAN COMMUNITY SERVICES - MAINTENANCE,23-121522-312NY,28000.0,active,2021-10-01,2026-09-30,,"PRE-PAID FROM CONSTRUCTION

12 HOURS REMOTE SUPPORT 
(QUARTERLY)"
519,QC TERME NY LLC,QC TERME NY BUILDING - MAINTENANCE,23-020323-111NY-3Y,27553.0,active,2023-03-01,2026-02-28,,
915,BUTLER BOARD OF EDUCATION,BUTLER BOARD OF EDUCATION - PNEUMATICS MAINTENANCE,25-0515-38NJ,27552.0,active,2025-07-01,2026-06-30,,
1048,"CORPORATE COMMONS THREE, LLC","CORPORATE COMMONS THREE, LLC - MAINTENANCE",25-0428-1441NY-3LE,27530.16,active,2025-06-01,2027-05-31,,
915,BUTLER BOARD OF EDUCATION,BUTLER BOARD OF EDUCATION - PNEUMATICS MAINTENANCE,24-042424-289NJ,26880.0,expired,2024-07-01,2025-06-30,,
500,PHILLIPSBURG BOARD OF EDUCATION (ESCNJ),PHILLIPSBURG BOARD OF EDUCATION (ESCNJ) - MAINTENANCE,22-1004-50NJ,26782.0,expired,2024-12-01,2025-06-30,,
1016,BEAM LIVING,Beam Living - Kips Bay Maintenance,24-121724-NY_rev1,26719.28,active,2025-01-01,2025-12-31,,
1016,BEAM LIVING,Beam Living - Parker Towers Maintenance,24-121724-NY_rev1,26719.28,active,2025-01-01,2025-12-31,,
910,CONNELL REAL ESTATE & DEVELOPMENT CO.,CONNELL REAL ESTATE & DEVELOPMENT CO. - MAINTENANCE,25-0228-100NJ,26193.02,active,2025-03-01,2026-02-28,,
936,PEQUANNOCK TWP SCHOOL DISTRICT (ESCNJ),PEQUANNOCK TWP SCHOOL DISTRICT (ESCNJ) -  MAINTENANCE,24-102424-538NJ,25770.0,expired,2024-07-01,2025-06-30,,
936,PEQUANNOCK TWP SCHOOL DISTRICT (ESCNJ),PEQUANNOCK TWP SCHOOL DISTRICT (ESCNJ) -  MAINTENANCE,25-0521-538NJ,25770.0,active,2025-07-01,2026-06-30,,
950,POMPTON LAKES BOARD OF EDUCATION,BOARD OF EDUCATION - POMPTON LAKES - PNEUMATICS MAINTENANCE,25-0331-237NJ,25740.0,active,2025-07-01,2026-06-30,,
10,2 RECTOR STREET(NY)LLC,101 GREENWICH (2 RECTOR),22-050122-101NY,25500.0,expired,2022-10-01,2023-09-30,christopher.gildea@am.jll.com,
530,RASI LABORATORIES,Rasi Laboratories - Maintenance,24-0925-320NJ,25495.0,active,2024-12-01,2025-11-30,adrian.balmater@rasilabs.com,
121,CBRE PROPERTY MANAGEMENT,CBRE 295 5TH - MAINTENANCE,565874,25490.0,active,2025-04-21,2027-04-20,,
772,"MARK ANTHONY BREWING, INC","MARK ANTHONY BREWING, INC - MAINTENANCE",25-0325-600NJ,25304.0,active,2025-04-01,2026-03-31,,"Maintain and upgrade system licensing agreements
Unlimited Remote Support
Offsite backup 4 times/year (non-archived)"
552,"RWJ BARNABAS HEALTH, INC.",OUTPATIENT ONCOLOGY - MAINTENANCE,22-1017-257NJ,25290.0,active,2023-01-01,2025-12-31,diane.flakker@rwjbh.org,
325,INSIGHT PARTNERS,1114 6TH AVENUE - MAINTENANCE,22-050222-1114NY,25029.0,expired,2022-05-01,2025-04-30,ljfelix@insightpartners.com,
1002,AME INC 1,AME INC 1 - Maintenance,2025-1,25000.0,active,2025-01-01,2025-12-31,steve@ame-inc.com,Contract Details
749,BLOOMFIELD BOARD OF EDUCATION (ESCNJ),BLOOMFIELD BOARD OF EDUCATION (ESCNJ) -  MAINTENANCE,25-0310-155NJ-2LE,24956.0,active,2025-07-01,2026-06-30,,
552,"RWJ BARNABAS HEALTH, INC.",JERSEY CITY MEDICAL CENTER - MAINTENANCE,20-1231-350NJ,24870.0,expired,2021-01-01,2023-12-31,diane.flakker@rwjbh.org,
772,"MARK ANTHONY BREWING, INC","MARK ANTHONY BREWING, INC - MAINTENANCE",23-010323-600NJ,24808.0,expired,2023-07-01,2024-06-30,,"Maintain and upgrade system licensing agreements
Unlimited Remote Support
Offsite backup 4 times/year (non-archived)"
702,WEST MILFORD TWP B.O.E. (ESCNJ),DISTRICT - 10 SITES - Maintenance,22-052722-46NJ,24690.0,expired,2022-07-01,2023-06-30,,
702,WEST MILFORD TWP B.O.E. (ESCNJ),WEST MILFORD TWP B.O.E. (ESCNJ) - MAINTENANCE,23-053123-46NJ,24690.0,expired,2023-07-01,2024-06-30,,Monthly
702,WEST MILFORD TWP B.O.E. (ESCNJ),WEST MILFORD TWP B.O.E. (ESCNJ) - MAINTENANCE,24-0524-46NJ,24690.0,expired,2024-07-01,2025-06-30,,Monthly
702,WEST MILFORD TWP B.O.E. (ESCNJ),WEST MILFORD TWP B.O.E. (ESCNJ) - MAINTENANCE,25-0519-46NJ-1LE,24690.0,active,2025-07-01,2026-06-30,,Monthly
961,125 W 125TH STREET OFFICE OWNER LLC,NATIONAL URBAN LEAGUE - MAINTENANCE,24-0000000JD,24175.0,active,2024-09-01,2025-08-31,,
698,WEITZ & LUXENBERG,WEITZ & LUXENBERG 700 BROADWAY - Maintenance,22-082222-700NY,24112.8,expired,2022-10-01,2023-09-30,jim@700broadway1891llc.com,
698,WEITZ & LUXENBERG,WEITZ & LUXENBERG - MAINTENANCE,23-073123-700NY,24112.8,expired,2023-10-01,2024-09-30,jim@700broadway1891llc.com,
698,WEITZ & LUXENBERG,WEITZ & LUXENBERG - MAINTENANCE,23-073123-700NY,24112.8,active,2024-10-01,2025-09-30,jim@700broadway1891llc.com,
307,HONEYWELL INC.,MOUNT VERNON SCHOOL DISTRICT,23-040522-165NY,23976.25,expired,2022-10-30,2023-01-30,cara.marino@honeywell.com,PRICE PER QUARTER
761,HEALTHYLINE,HEALTHYLINE - MAINTENANCE,23-122222-515NY-3Y,23724.0,active,2023-02-01,2026-01-31,,
1013,NORTH ARLINGTON BOARD OF EDUCATION,NORTH ARLINGTON BOARD OF EDUCATION - PNEUMATICS MAINTENANCE,24-1218-222NJ,22880.0,expired,2025-01-01,2025-06-30,,
133,CITY OF JERSEY CITY,CITY OF JERSEY CITY POLICE CENTRAL COMMUNICATIONS -  MAINTENANCE,25-010125-75NJ,22669.0,active,2025-06-01,2026-05-31,,
430,"META SURGICAL ASSOCIATES, LLC",META SURGICAL (CONTROLS & HVAC) - Maintenance,22-091222-6NJ,22590.0,expired,2022-09-01,2023-08-31,metasurgical@outlook.com,
530,RASI LABORATORIES,Rasi Laboratories - Maintenance,23-071823-320NJ,22125.0,expired,2023-12-01,2024-11-30,adrian.balmater@rasilabs.com,
579,"SODEXO OPERATIONS, LLC","787 7TH AVE (27, 28, 29, 32/33) - MAINTENANCE",22-060822-787NY,21833.33,expired,2022-07-01,2023-06-30,tayler.chambers@sodexo.com,"Jersey City & some 787 floors removed on 7/1/22 renewal, dropping annual price to 21,833.33 (from 31,250.00)"
579,"SODEXO OPERATIONS, LLC","787 7TH AVE (27, 28, 29, 32/33) - MAINTENANCE",23-060623-787NY,21833.33,active,2023-07-01,2024-06-30,tayler.chambers@sodexo.com,"Jersey City & some 787 floors removed on 7/1/22 renewal, dropping annual price to 21,833.33 (from 31,250.00)"
133,CITY OF JERSEY CITY,CITY OF JERSEY CITY 1 & 4 - MAINTENANCE,25-010125-1&4NJ,21664.0,active,2025-06-01,2026-05-31,,
552,"RWJ BARNABAS HEALTH, INC.",BAYONNE EMERGENCY CARE - MAINTENANCE,20-1231-519NJ,21582.0,expired,2021-01-01,2023-12-31,diane.flakker@rwjbh.org,
948,COUNTY OF MIDDLESEX (ESCNJ),COUNTY OF MIDDLESEX (ESCNJ) - MAINTENANCE,24-1213-570NJ,21462.0,active,2025-01-01,2025-12-31,,
1038,42 TRINITY PLACE CONDOMINIUM,42 TRINITY PLACE CONDOMINIUM - MAINTENANCE,25-033125-42NY,21400.0,active,2025-04-01,2026-03-31,,
530,RASI LABORATORIES,320 HALF ACRE ROAD - Maintenance,22-081022-320NJ,21225.0,expired,2022-09-01,2023-08-31,adrian balmater@rasilabs.com,
606,SUPREME HEATING&AIR CONDITIONING INC.,SUPREME HEATING&AIR CONDITIONING INC. - MAINTENANCE,23-012023-701NJ,21201.0,expired,2023-04-01,2024-03-31,,Monthly
957,MOUNTAIN LAKES BOARD OF EDUCATION,MOUNTAIN LAKES BOARD OF EDUCATION - PNEUMATICS MAINTENANCS,24-0506-NJ,21120.0,expired,2024-07-01,2025-06-30,,
129,CHRISTIAN BROTHERS ACADEMY,CHRISTIAN BROTHERS ACADEMY - MAINTENANCE,24-112524-850NJ,20700.0,active,2024-12-07,2025-12-06,bmcloughlin@cbalincroftnj.org,MONTHLY
1013,NORTH ARLINGTON BOARD OF EDUCATION,NORTH ARLINGTON BOARD OF EDUCATION - PNEUMATICS MAINTENANCE,24-1218-222NJ,20620.0,active,2025-07-01,2025-12-31,,
712,WMC ASSOCIATES,WMC ASSOCIATES - MAINTENANCE,22-011822-105NY,20433.0,expired,2022-03-01,2025-02-28,,
495,PENGUIN MAINTENANCE & SERVICE INC.,PENGUIN - NEW AMSTERDAM - MAINTENANCE,25-0311-214NY,20348.0,active,2025-03-01,2026-02-28,,
133,CITY OF JERSEY CITY,CITY OF JERSEY CITY POLICE WEST DISTRICT - MAINTENANCE,25-010125-1NJ,20269.0,active,2025-07-01,2026-06-30,,
312,HUDSON COUNTY SCHOOLS OF TECH (ESCNJ),HUDSON COUNTY TECH (EARL W. BYRD CENTER) - MAINTENANCE,23-042723-525NJ,20189.0,expired,2023-07-01,2024-06-30,,"MONTHLY
Purchase Order 240163"
312,HUDSON COUNTY SCHOOLS OF TECH (ESCNJ),HUDSON COUNTY TECH (EARL W. BYRD CENTER) - MAINTENANCE,24-0524-525NJ,20189.0,expired,2024-07-01,2025-06-30,,"MONTHLY
Purchase Order 240163"
312,HUDSON COUNTY SCHOOLS OF TECH (ESCNJ),HUDSON COUNTY TECH (EARL W. BYRD CENTER) - MAINTENANCE,25-0623-525NJ,20189.0,active,2025-07-01,2026-06-30,,"MONTHLY
Purchase Order 240163"
575,SHOREHAM-WADING RIVER CSD (ED-DATA),SHOREHAM-WADING RIVER CSD - MAINTENANCE,23-0306-250NY,20073.0,expired,2023-07-01,2024-06-30,,"7 ONSITE
7 REMOTE"
575,SHOREHAM-WADING RIVER CSD (ED-DATA),SHOREHAM-WADING RIVER CSD - MAINTENANCE,23-0306-250NY,20073.0,active,2024-07-01,2025-06-30,,"7 ONSITE
7 REMOTE"
297,HENICK-LANE SERVICE CORP,42 Trinity Place - MAINTENANCE,23-020923-42NY,20000.0,expired,2023-03-01,2024-02-29,,
297,HENICK-LANE SERVICE CORP,42 Trinity Place - MAINTENANCE,23-1228-42NY,20000.0,active,2024-03-01,2025-02-28,,
1021,NEW YORK CITY POLICE PENSION FUND,NEW YORK CITY POLICE PENSION FUND - MAINTENANCE,25-0203-233NY-6LE,19995.0,active,2025-03-01,2028-02-28,,
916,PACE UNIVERSITY,PACE UNIVERSITY - MAINTENANCE,24-0510-15NY,19958.0,active,2024-07-01,2025-06-30,,
495,PENGUIN MAINTENANCE & SERVICE INC.,PENGUIN - NEW AMSTERDAM - MAINTENANCE,23-071823-214NY,19949.04,expired,2024-05-01,2025-04-30,,
129,CHRISTIAN BROTHERS ACADEMY,CHRISTIAN BROTHERS ACADEMY - MAINTENANCE,22-102822-850NJ,19900.0,expired,2022-12-07,2023-12-06,bmcloughlin@cbalincroftnj.org,MONTHLY
129,CHRISTIAN BROTHERS ACADEMY,CHRISTIAN BROTHERS ACADEMY - MAINTENANCE,23-111323-850NJ,19900.0,expired,2023-12-07,2024-12-06,bmcloughlin@cbalincroftnj.org,MONTHLY
944,RIDGEFIELD BOARD OF EDUCATION (ESCNJ),RIDGEFIELD BOARD OF EDUCATION (ESCNJ) - MAINTENANCE,24-0522-555NJ,19801.0,expired,2024-07-01,2025-06-30,,
944,RIDGEFIELD BOARD OF EDUCATION (ESCNJ),RIDGEFIELD BOARD OF EDUCATION (ESCNJ) - MAINTENANCE,25-0306-555NJ-1LE,19801.0,active,2025-07-01,2026-06-30,,
133,CITY OF JERSEY CITY,CITY OF JERSEY CITY -  ENGINE 14 FIREHOUSE,25-010125-1&4NJ,19751.0,active,2025-05-01,2025-12-31,,
,HAZLET TOWNSHIP PUBLIC SCHOOLS (ESCNJ),8 SCHOOLS,21-110921-421NJ,19475.0,expired,2022-01-01,2022-12-31,,
457,NEW AMSTERDAM THEATRE,NEW AMSTERDAM THEATRE - MAINTENANCE,22-072622-214NY,19368.0,expired,2022-09-01,2023-08-31,nd@disney.com,
910,CONNELL REAL ESTATE & DEVELOPMENT CO.,CONNELL REAL ESTATE & DEVELOPMENT CO. - MAINTENANCE,23-031623-100NJ,19152.0,expired,2024-03-01,2025-02-28,,
909,THE HARDMAN GROUP,THE HARDMAN GROUP (693 5th) - MAINTENANCE,23103123-693NY,19060.0,active,2025-01-01,2025-12-31,,
718,WYCKOFF SCHOOL DISTRICT (ESCNJ),WYCKOFF SCHOOL DISTRICT (ESCNJ) - MAINTENANCE,25-12484-NJ,18937.2,active,2025-07-01,2026-06-30,,2 Visits per school per year
984,EAST HARLEM SCHOLAR ACAD CHARTER SCHOOL,EAST HARLEM SCHOLAR ACAD CHARTER SCHOOL -  MAINTENANCE,24-0823-2017NY,18832.0,active,2024-10-01,2025-09-30,,
950,POMPTON LAKES BOARD OF EDUCATION,BOARD OF EDUCATION - POMPTON LAKES - PNEUMATICS MAINTENANCE,24-0507-237NJ,18648.0,expired,2024-07-01,2025-06-30,,
909,THE HARDMAN GROUP,THE HARDMAN GROUP (693 5th) - MAINTENANCE,23103123-693NY,18596.0,expired,2024-01-01,2024-12-31,,
951,FRANKLIN BOROUGH BOARD OF EDUCATION,FRANKLIN BOROUGH BOARD OF EDUCATION - PNEUMATICS MAINTENANCE,24-0506-50NJ,18480.0,expired,2024-06-01,2025-05-31,,
951,FRANKLIN BOROUGH BOARD OF EDUCATION,FRANKLIN BOROUGH BOARD OF EDUCATION - PNEUMATICS MAINTENANCE,25-0506-50NJ,18480.0,active,2025-06-01,2026-05-31,,
933,UPPER SADDLE RIVER BOARD OF EDUCATION,UPPER SADDLE RIVER BOARD OF EDUCATION -  PNEUMATICS MAINTENANCE,25-042325-289NJ,18480.0,active,2025-07-01,2026-06-30,,
80,BLOOMINGDALE BOARD OF EDUCATION,BLOOMINGDALE BOE - MAINTENANCE,25-0523-29NJ,18330.0,active,2025-07-01,2026-06-30,,Quarterly
637,THE WINDWARD SCHOOL,THE WINDWARD SCHOOL - MAINTENANCE,25-0708-1275NJ,18025.0,active,2025-07-01,2026-06-30,,
696,WATCHUNG HILLS REG TWP HS BOE (ESCNJ),WATCHUNG HILLS REGIONAL HIGH SCHOOL,23-110222-108NJ,17920.0,expired,2023-01-01,2023-06-30,,
696,WATCHUNG HILLS REG TWP HS BOE (ESCNJ),WATCHUNG HILLS REGIONAL HIGH SCHOOL - MAINTENANCE,23-053123-108NJ,17920.0,expired,2023-07-01,2023-12-31,,
696,WATCHUNG HILLS REG TWP HS BOE (ESCNJ),WATCHUNG HILLS REGIONAL HIGH SCHOOL - MAINTENANCE,24-110623-108NJ,17920.0,expired,2024-01-01,2024-12-31,,
696,WATCHUNG HILLS REG TWP HS BOE (ESCNJ),WATCHUNG HILLS REGIONAL HIGH SCHOOL - MAINTENANCE,25-040625-108NJ,17920.0,active,2025-07-01,2025-12-31,,
13,"300 KIMBALL NJ, LLC",300 KIMBALL DRIVE - MAINTENANCE,23-120522-300NJ,17726.0,expired,2023-02-01,2024-01-31,monique.hughes@300kimballnj.com,
13,"300 KIMBALL NJ, LLC",300 KIMBALL DRIVE - MAINTENANCE,24-073124-300NJ,17726.0,expired,2024-08-01,2025-07-31,monique.hughes@300kimballnj.com,
13,"300 KIMBALL NJ, LLC",300 KIMBALL DRIVE - MAINTENANCE,23-1220-300NJ,17726.0,active,2025-08-01,2026-07-31,monique.hughes@300kimballnj.com,
1044,222 EAST BROADWAY CONDOMINIUM,222 EAST BROADWAY CONDOMINIUM -  MAINTENANCE,24-052024-232NY,17552.0,active,2025-06-01,2026-05-31,,
740,EDUCATIONAL SERVICES COMM OF NJ (ESCNJ),EDUCATIONAL SERVICES COMM OF NJ (ESCNJ) - MAINTENANCE,23-0627-1660NJ,17496.0,expired,2023-07-01,2024-06-30,,"Monthly
NO SMA
UNL Remote Support"
382,LENAPE REGIONAL HS DISTRICT (ESCNJ),SENECA HS - Maintenance,22-040422-93NJ,17400.0,expired,2022-07-01,2023-06-30,lglunt@lrhsd.org,
382,LENAPE REGIONAL HS DISTRICT (ESCNJ),LENAPE/SHAWNEE - MAINTENANCE,23-042823-93NJ,17400.0,expired,2023-07-01,2024-06-30,lglunt@lrhsd.org,
382,LENAPE REGIONAL HS DISTRICT (ESCNJ),SENECA HS - MAINTENANCE,23-042523-93NJ,17400.0,expired,2023-07-01,2024-06-30,lglunt@lrhsd.org,"monthly visits
Unl RS
SMA included"
382,LENAPE REGIONAL HS DISTRICT (ESCNJ),SENECA HIGH SCHOOL - MAINTENANCE,24-0422-93NJ,17400.0,expired,2024-07-01,2025-06-30,lglunt@lrhsd.org,"monthly visits
Unl RS
SMA included"
382,LENAPE REGIONAL HS DISTRICT (ESCNJ),SENECA HIGH SCHOOL - MAINTENANCE,25-0503-110NJ,17400.0,active,2025-07-01,2026-06-30,lglunt@lrhsd.org,"monthly visits
Unl RS
SMA included"
7,1460 LEASEHOLD SWINGHM LLC,1460 BROADWAY - MAINTENANCE,21-101521-1460NY,17201.0,active,2025-03-13,2028-03-13,thowe@merprop.com,20 Service Hours
1045,"ARE-NY REGION NO.2, LLC",SCIENCE HOTEL - MAINTENANCE,25-031025-320NY,16952.0,active,2025-04-01,2026-03-31,,
133,CITY OF JERSEY CITY,CITY OF JERSEY CITY PUBLIC SAFETY - MAINTENANCE,,16900.0,expired,2024-10-01,2024-12-31,,
771,THE TURKEVI CENTER,THE TURKEVI CENTER - MAINTENANCE,23-083123-821NY-2YSE,16814.0,expired,2024-02-01,2024-12-31,,SMA ONLY
771,THE TURKEVI CENTER,THE TURKEVI CENTER - MAINTENANCE,24-0821-821NY,16814.0,active,2025-01-01,2025-12-31,,SMA ONLY
933,UPPER SADDLE RIVER BOARD OF EDUCATION,UPPER SADDLE RIVER BOARD OF EDUCATION -  PNEUMATICS MAINTENANCE,24-042424-289NJ,16800.0,expired,2024-07-01,2025-06-30,,
624,THE JEWISH THEOLOGICAL SEMINARY,Jewish Theological Seminary - MAINTENANCE,23-122122-3080NY,16737.0,expired,2023-01-01,2023-12-31,larosario@jtsa.edu,
624,THE JEWISH THEOLOGICAL SEMINARY,Jewish Theological Seminary - MAINTENANCE,23-122122-3080NY,16737.0,expired,2024-01-01,2024-12-31,larosario@jtsa.edu,
624,THE JEWISH THEOLOGICAL SEMINARY,Jewish Theological Seminary - MAINTENANCE,25-010125-3080NY,16737.0,active,2025-01-01,2025-12-31,larosario@jtsa.edu,
969,MENDHAM TOWNSHIP BOE (ESCNJ),MENDHAM TOWNSHIP BOE (ESCNJ) - MAINTENANCE,25-0616-6NJ-1LE,16706.0,active,2025-07-01,2026-06-30,,
,"TCG GREENCHEM, INC.",TCG GREENCHEM EWING,22-061322-701NJ,16524.0,expired,2022-08-01,2023-07-31,pelicanglobal@pelicangroup.us,
493,PELICAN GLOBAL INC.,TCG GreenChem Ewing - Maintenance,22-061322-701NJ,16524.0,expired,2022-08-01,2023-07-31,,Monthly
835,UNION TOWNSHIP BOARD OF EDUCATION (ESCNJ),UNION TOWNSHIP BOARD OF EDUCATION (ESCNJ) -  MAINTENANCE,25-0723-149NJ,16520.0,active,2025-07-01,2026-06-30,,
771,THE TURKEVI CENTER,THE TURKEVI CENTER - MAINTENANCE,23-110322-821NY-SE,16485.0,expired,2023-02-01,2024-01-31,,SMA ONLY
735,CUSHMAN & WAKEFIELD INC. (141 WILLOUGHBY),CUSHMAN & WAKEFIELD INC. (141 WILLOUGHBY) -  Maintenance,23-020323-141NY,16271.0,expired,2023-03-01,2024-02-29,,
735,CUSHMAN & WAKEFIELD INC. (141 WILLOUGHBY),CUSHMAN & WAKEFIELD INC. (141 WILLOUGHBY) -  Maintenance,23-020323-141NY,16271.0,expired,2024-03-01,2025-03-01,,
735,CUSHMAN & WAKEFIELD INC. (141 WILLOUGHBY),CUSHMAN & WAKEFIELD INC. (141 WILLOUGHBY) -  Maintenance,25-010725-141NY,16271.0,active,2025-03-01,2026-02-28,,
7,1460 LEASEHOLD SWINGHM LLC,1460 BROADWAY - MAINTENANCE,21-101521-1460NY,16199.0,expired,2024-01-01,2024-12-31,thowe@merprop.com,20 Service Hours
289,HASBROUCK HEIGHTS B.O.E. (ESCNJ),"EUCLID, LINCOLN, HASBROUCK HEIGHTS MS/HS -  Maintenance",23-041922-379NJ,16197.12,expired,2022-07-01,2023-06-30,mihalitsianosger@hhschools.org,CERTIFIED PAYROLL REQUIRED WITH INVOICE
289,HASBROUCK HEIGHTS B.O.E. (ESCNJ),HASBROUCK HEIGHTS B.O.E. (ESCNJ) - MAINTENANCE,23-051523-379NJ,16197.12,expired,2023-07-01,2024-06-30,mihalitsianosger@hhschools.org,"Monthly
UNL RS
NO SMA"
289,HASBROUCK HEIGHTS B.O.E. (ESCNJ),HASBROUCK HEIGHTS B.O.E. (ESCNJ) - MAINTENANCE,24-0522-379NJ,16197.12,expired,2024-07-01,2025-06-30,mihalitsianosger@hhschools.org,"Monthly
UNL RS
NO SMA"
289,HASBROUCK HEIGHTS B.O.E. (ESCNJ),HASBROUCK HEIGHTS B.O.E. (ESCNJ) - MAINTENANCE,25-0522-379NJ,16197.12,active,2025-07-01,2026-06-30,mihalitsianosger@hhschools.org,"Monthly
UNL RS
NO SMA"
,UG2 LLC,MERCY COLLEGE,21-031921-66M,15874.0,expired,2021-07-01,2022-06-30,rarmandi@ug2.com,
1003,VIRGIN HOTELS NEW YORK CITY,VIRGIN HOTELS NEW YORK CITY - MAINTENANCE,24-1210-1222NY-1LE,15306.0,active,2025-01-01,2025-12-31,,
234,F & G MECHANICAL CORP.,67 E. PARK PLACE - MAINTENANCE,24-0912-348NJ,15016.0,active,2025-04-01,2026-03-31,leek@fgmech.com,
312,HUDSON COUNTY SCHOOLS OF TECH (ESCNJ),"HUDSON COUNTY TECH (FRANK J. GARGIULO CAMPUS, HIGH TECH HS) - MAINTENANCE",25-0228-1NJ,15000.0,active,2025-03-01,2026-02-28,wzitt@hcstonline.org,"Per Tracy ( phone call) , she said use the same PO number- what they do is just increase the amount. she said no need to send us an updated PO."
782,BEDFORD AVENUE TRS LLC,MOXY HOTEL - MAINTENANCE,23-032723-353NY,14957.0,expired,2023-08-01,2024-07-31,carlos.lorenzo@moxywilliamsburg.com,QUARTERLY
782,BEDFORD AVENUE TRS LLC,MOXY HOTEL - MAINTENANCE,24-0724-353NY,14957.0,active,2024-10-01,2025-09-30,carlos.lorenzo@moxywilliamsburg.com,QUARTERLY
705,WESTCHESTER COUNTY HEALTHCARE CORP.,WMC AMBULATORY CARE PAVILLION - SMA/REMOTE ONLY,WMC-03755,14900.0,expired,2022-05-15,2023-05-14,robert.daly@wmchealth.org,
133,CITY OF JERSEY CITY,CITY OF JERSEY CITY POLICE CENTRAL COMMUNICATIONS -  MAINTENANCE,24-092724-75NJ3M,14530.0,expired,2024-10-01,2024-12-31,,
133,CITY OF JERSEY CITY,JERSEY CITY ANNEX 1 & PARKING GARAGE - MAINTENANCE,23-102822-1&4NJ,14470.0,expired,2023-07-01,2023-12-31,dcarlucci@jcnj.org,"EVERY OTHER MONTH - AT BOTH LOCATIONS
(6) MONTHS"
87,BON SECOURS COMMUNITY HOSPITAL,BON SECOURS COMMUNITY HOSPITAL - Maintenance,23-073023-160NY,14445.24,active,2023-10-01,2024-09-30,jeannine.lynch@wmchealth.org,
80,BLOOMINGDALE BOARD OF EDUCATION,BLOOMINGDALE BOE - MAINTENANCE,24-1014-29NJ8M,14315.0,expired,2024-11-01,2025-06-30,,Quarterly
87,BON SECOURS COMMUNITY HOSPITAL,BON SECOURS COMMUNITY HOSPITAL - Maintenance,22-091422-160NY,14162.0,expired,2022-10-01,2023-09-30,jeannine.lynch@wmchealth.org,
927,LAKELAND BOARD OF EDUCATION,LAKELAND REGIONAL HIGH SCHOOL - MAINTENANCE,23-060123-205NJ,13544.5,expired,2023-07-01,2024-06-30,wgrimes@lakeland.k12.nj.us,QUARTERLY
579,"SODEXO OPERATIONS, LLC","787 7TH AVE (7, 8, 9) - MAINTENANCE",24-0213-787NY,13520.0,expired,2024-01-01,2024-12-31,tayler.chambers@sodexo.com,
121,CBRE PROPERTY MANAGEMENT,CBRE 787 7TH - MAINTENANCE,,13520.0,active,2024-05-01,2025-04-30,,
927,LAKELAND BOARD OF EDUCATION,LAKELAND REGIONAL HIGH SCHOOL,23-041922-205NJ,13150.0,expired,2022-07-01,2023-06-30,wgrimes@lakeland.k12.nj.us,Includes 19-20 Billing and 1/2 of 20-21 Contract
349,JLL/BMW,BMW: 20 COLONY ROAD - MAINTENANCE,21-020221-20NJ,12800.0,expired,2021-03-22,2024-03-21,carmen.custer@am.jll.com,All tickets & invoices through Corrigo
349,JLL/BMW,BMW: 20 COLONY ROAD - MAINTENANCE,21-020221-20NJ,12800.0,active,2024-03-22,2025-12-31,carmen.custer@am.jll.com,All tickets & invoices through Corrigo
637,THE WINDWARD SCHOOL,THE WINDWARD SCHOOL - MAINTENANCE,24-0117-1275NY,12745.0,expired,2024-01-01,2024-06-30,,
772,"MARK ANTHONY BREWING, INC","MARK ANTHONY BREWING, INC - MAINTENANCE",24-1108-600NJ,12541.0,expired,2024-10-01,2025-03-31,,"Maintain and upgrade system licensing agreements
Unlimited Remote Support
Offsite backup 4 times/year (non-archived)"
85,BOE N. HUNTERDON-VOORHEES REG.(ESCNJ),BOE N. HUNTERDON-VOORHEES REG.(ESCNJ) - North Hunterdon MAINTENANCE,25-0501-1441NJ,12499.0,active,2025-07-01,2026-06-30,,
121,CBRE PROPERTY MANAGEMENT,CBRE 295 5TH - MAINTENANCE,515116,12372.0,expired,2024-04-21,2025-04-20,,
997,THE PORT AUTH. OF NY&NJ - LINCOLN TUNNEL,THE PORT AUTH. OF NY&NJ - LINCOLN TUNNEL - MAINTENANCE,24-1213-500NJ,12274.0,active,2025-01-01,2025-12-31,,
644,TINTON FALLS BOARD OF EDUCATION (ESCNJ),TINTON FALLS BOARD OF EDUCATION (ESCNJ) - MAINTENANCE,23-042623-658NJ1YR,12250.0,expired,2023-07-01,2024-06-30,,One visit per school twice a year
644,TINTON FALLS BOARD OF EDUCATION (ESCNJ),TINTON FALLS BOARD OF EDUCATION (ESCNJ) - MAINTENANCE,24-05243-658NJ,12250.0,expired,2024-07-01,2025-06-30,,One visit per school twice a year
644,TINTON FALLS BOARD OF EDUCATION (ESCNJ),TINTON FALLS BOARD OF EDUCATION (ESCNJ) - MAINTENANCE,25-0611-658NJ,12250.0,active,2025-07-01,2026-06-30,,One visit per school twice a year
157,COUNTY OF ORANGE NY,LOT #2 FOR THE MIDDLE TOWN COMMUNITY CAMPUS - MAINTENANCE,,12000.0,expired,2021-04-01,2024-12-31,bconklin@orangecountygov.com,"1500 per PM
8 total PM's
12000"
263,GIRL SCOUTS OF THE USA,GIRL SCOUTS OF THE USA - MAINTENANCE,25-0313-550NY,11991.0,active,2025-08-25,2026-08-24,,
696,WATCHUNG HILLS REG TWP HS BOE (ESCNJ),WATCHUNG HILLS REGIONAL HIGH SCHOOL - MAINTENANCE,24-1111-108NJ,11946.67,expired,2025-01-01,2025-04-30,,
62,B.O.E. PASSAIC VALLEY REG. H.S. (ESCNJ),B.O.E. PASSAIC VALLEY REG. H.S. (ESCNJ) - MAINTENANCE,24-010224-100NJ,11754.0,expired,2024-07-01,2025-06-30,,
62,B.O.E. PASSAIC VALLEY REG. H.S. (ESCNJ),B.O.E. PASSAIC VALLEY REG. H.S. (ESCNJ) - MAINTENANCE,12507,11754.0,active,2025-07-01,2026-06-30,,
265,GLEN RIDGE PUBLIC LIBRARY,Glen Ridge  Public Library Mechanical  Contract-Maintenance  (Gamma),24-102023-240NJ-1Y-2,11670.0,active,2024-01-01,2024-12-31,jbagdon@glenridgelibrary.org,MECHANICAL CONTRACT
263,GIRL SCOUTS OF THE USA,GIRL SCOUTS OF THE USA - MAINTENANCE,213581,11504.0,expired,2024-05-01,2025-04-30,,
234,F & G MECHANICAL CORP.,389-399 INTERPACE,22-010322-389NJ,11400.0,expired,2022-04-01,2023-03-31,leek@fgmech.com,Billed quartely
234,F & G MECHANICAL CORP.,389-399 INTERPACE - MAINTENANCE,23-091322-348NJ,11400.0,expired,2023-05-01,2024-04-30,,
584,SOUTHAMPTON TWP B.O.E. (ESCNJ),SOUTHAMPTON BOE - MAINTENANCE,22-020322-177NJ,11344.0,expired,2022-07-01,2023-06-30,greenek@southampton.k12.nj.us,
584,SOUTHAMPTON TWP B.O.E. (ESCNJ),SOUTHAMPTON BOE - MAINTENANCE,22-020322-177NJ,11344.0,expired,2023-07-01,2024-06-30,greenek@southampton.k12.nj.us,"Every 8 weeks / Semi-Annually for each school.
(6 Visits/year)"
480,OAKLAND PUBLIC SCHOOLS (ESCNJ),"DOGWOOD, HIEGHTS, MANITO, VALLEY SCHOOLS - MAINTENANCE",23-042622-315NJ,11280.0,expired,2022-07-01,2023-06-30,jacod@oaklandschoolsnj.org,
480,OAKLAND PUBLIC SCHOOLS (ESCNJ),"DOGWOOD, HIEGHTS, MANITO, VALLEY SCHOOLS - MAINTENANCE",23-042523-315NJ,11280.0,active,2023-07-01,2024-06-30,jacod@oaklandschoolsnj.org,
85,BOE N. HUNTERDON-VOORHEES REG.(ESCNJ),BOE N. HUNTERDON-VOORHEES REG.(ESCNJ) - North Hunterdon MAINTENANCE,24-0730-1441NJ,11197.0,expired,2024-08-01,2025-06-30,,
85,BOE N. HUNTERDON-VOORHEES REG.(ESCNJ),BOE N. HUNTERDON-VOORHEES REG.(ESCNJ) - Voorhees MAINTENANCE,25-0501-256NJ,11100.0,active,2025-07-01,2026-06-30,,
547,ROSELAND BOARD OF EDUCATION (ESCNJ),ROSELAND BOE - MAINTENANCE,22-0119AP,11087.82,expired,2022-03-01,2024-06-30,taugust@roselandnjboe.org,
177,DELAWARE TOWNSHIP B.O.E. (ESCNJ),DELAWARE TOWNSHIP SCHOOL,23-020623-501NJ,11012.0,expired,2022-04-01,2023-03-31,jmunsey@dtsk8nj.org,
234,F & G MECHANICAL CORP.,369-379 INTERPACE,22-010322-369NJ,10800.0,expired,2022-04-01,2023-03-31,leek@fgmech.com,Billed quartely
234,F & G MECHANICAL CORP.,67 E. PARK PLACE,22-020322-348NJ,10800.0,expired,2022-04-01,2023-03-31,leek@fgmech.com,
234,F & G MECHANICAL CORP.,67 E. PARK PLACE - MAINTENANCE,23-080822-348NJ,10800.0,expired,2023-04-01,2024-03-31,leek@fgmech.com,
875,DOBBS FERRY UFSD (ED-DATA),DOBBS FERRY UFSD (ED-DATA) - MAINTENANCE,24-0524-DFNJ,10661.0,expired,2024-07-01,2025-06-30,,
875,DOBBS FERRY UFSD (ED-DATA),DOBBS FERRY UFSD (ED-DATA) - MAINTENANCE,25-0516-DFNJ,10661.0,active,2025-07-01,2026-06-30,,
,MODERN 100,THE MODERN 100,22-040522-100NJ,10660.0,expired,2022-06-01,2023-05-31,luis-santiago@bozzuto.com,Upload to their portal
552,"RWJ BARNABAS HEALTH, INC.",SQUIER HALL AT FORT MONMOUTH - MAINTENANCE,25-011025-283NJ,10651.0,active,2025-03-01,2026-02-28,,
49,AME INC,AME INC. - TEST MAINTENANCE CONTRACT,23-123122-1275NJ,10500.0,active,2024-06-01,2025-05-31,danny@ame-inc.com,
927,LAKELAND BOARD OF EDUCATION (ESCNJ),LAKELAND REGIONAL HIGH SCHOOL (ESCNJ) - MAINTENANCE,24-052924-205NJ,10462.5,expired,2024-07-01,2025-06-30,,
927,LAKELAND BOARD OF EDUCATION (ESCNJ),LAKELAND REGIONAL HIGH SCHOOL (ESCNJ) - MAINTENANCE,25-122224-205NJ,10462.5,active,2025-07-01,2026-06-30,,
122,CEDAR GROVE SCHOOL DISTRICT (ESCNJ),CEDAR GROVE SCHOOL DISTRICT (ESCNJ) - MAINTENANCE,11619,10413.97,expired,2024-07-01,2025-06-30,,
122,CEDAR GROVE SCHOOL DISTRICT (ESCNJ),CEDAR GROVE SCHOOL DISTRICT (ESCNJ) - MAINTENANCE,12723,10413.97,active,2025-07-01,2026-06-30,,
80,BLOOMINGDALE BOARD OF EDUCATION,BLOOMINGDALE BOE - MAINTENANCE,23-052523-29NJ,10350.0,expired,2023-07-01,2024-06-30,,Quarterly
1026,EO 160 WATER LLC,EO 160 WATER LLC - MAINTENANCE,24-00000000JD,10311.0,active,2025-04-01,2026-03-31,,
943,HARDYSTON BOARD OF EDUCATION,HARDYSTON BOARD OF EDUCATION - PNEUMATICS MAINTENANCE,25-021825-289NJ,10296.0,active,2025-07-01,2026-06-30,,
38,AIR SYSTEMS MAINTENANCE INC.,AIR SYSTEMS MAINTENANCE INC. -  South Beach Psych.- MAINTENANCE,24-0223-777NY,10225.0,expired,2024-03-01,2024-08-31,,
775,"CUSHMAN & WAKEFIELD, INC. (650 FIFTH)",650 FIFTH AVENUE,22-031022-650NY,10200.0,expired,2022-04-01,2023-03-31,,April & July billing submitted in September
661,TURNBULL & ASSER LTD,TURNBULL & ASSER - MAINTENANCE,23-1221-50NY,10145.0,expired,2024-04-01,2025-03-31,s.watkins@turnbullandasser.com,
661,TURNBULL & ASSER LTD,TURNBULL & ASSER - MAINTENANCE,25-0211-50NY-1LE,10145.0,active,2025-04-01,2026-03-31,s.watkins@turnbullandasser.com,
579,"SODEXO OPERATIONS, LLC","787 7TH AVE (7, 8, 9) - MAINTENANCE",22-121222-787NY,10140.0,expired,2023-04-01,2023-12-31,tayler.chambers@sodexo.com,
414,MASONIC CARE NEW ROCHELLE,MASONIC CARE - Maintenance,23-1228-29NY,9992.0,expired,2024-03-01,2025-02-28,ckaminski@masonichallnyc.org,Billed in advance on Dec - 2021
414,MASONIC CARE NEW ROCHELLE,MASONIC CARE - MAINTENANCE,25-0228-29NY,9992.0,active,2025-03-01,2026-02-28,ckaminski@masonichallnyc.org,Billed in advance on Dec - 2021
430,"META SURGICAL ASSOCIATES, LLC","META SURGICAL ASSOCIATES, LLC - MAINTENANCE",25-0624-6NJ,9980.0,active,2025-08-01,2026-07-31,,
898,SAUGERTIES CENTRAL SCHOOL DISTRICT,SAUGERTIES CENTRAL SCHOOL DISTRICT - MAINTENANCE,24-1023-310NY-1LE,9972.0,active,2024-11-01,2025-10-31,,
20,7 AND 9 ROSZEL ROAD LLC,WEST WINDSOR COMMONS - 7,22-042022-79NJ-B7,9938.0,expired,2022-07-01,2023-06-30,gregory.ginis@cbre.com,
20,7 AND 9 ROSZEL ROAD LLC,CBRE - 7 ROSZEL - MAINTENANCE,23-111723-7NJ,9938.0,active,2023-12-01,2024-11-30,gregory.ginis@cbre.com,
414,MASONIC CARE NEW ROCHELLE,MASONIC CARE - Maintenance,23-020823-29NY,9894.0,expired,2023-03-01,2024-02-29,ckaminski@masonichallnyc.org,Billed in advance on Dec - 2021
661,TURNBULL & ASSER LTD,50 E. 57TH STREET  - MAINTENANCE,23-012323-50NY,9850.0,expired,2023-02-01,2024-01-31,s.watkins@turnbullandasser.com,
754,"WESTCHESTER COMM. OPPORTUN PROGRAM, INC.","WESTCHESTER COMM. OPPORTUN PROGRAM, INC. - MAINTENANCE",23-032923-25NY,9820.0,expired,2023-04-01,2024-03-31,,quarterly
85,BOE N. HUNTERDON-VOORHEES REG.(ESCNJ),BOE N. HUNTERDON-VOORHEES REG.(ESCNJ) - Voorhees MAINTENANCE,24-0726-2561NJ,9780.0,expired,2024-08-01,2025-06-30,,
469,NINE ON THE HUDSON CONDOMINIUM ASSOC.,NINE ON THE HUDSON - MAINTENANCE,23-071223-401NJ2,9727.0,active,2025-01-01,2025-12-31,,"QUARTERLY
SMA INCLUDED
UNL REMOTE SUPPORT"
430,"META SURGICAL ASSOCIATES, LLC","META SURGICAL ASSOCIATES, LLC - MAINTENANCE",24-0625-6NJ,9690.0,expired,2024-08-01,2025-07-31,,
227,EQUITY RESIDENTIAL,EQUITY RESIDENTIAL - MAINTENANCE,23-101123-170NY,9690.0,active,2024-12-01,2025-12-31,pgospodarzec@eqr.com,
958,CAFE SPICE LLC,CAFE SPICE LLC - MAINTENANCE,24-073124-295NY,9658.0,active,2025-02-01,2026-01-31,,
749,BLOOMFIELD BOARD OF EDUCATION,BLOOMFIELD HIGH SCHOOL,23-061422-155NJ,9645.0,expired,2022-07-01,2023-06-30,jscazafave@bloomfield.k12.nj.us,Contract paid in full on 9.6.22
749,BLOOMFIELD BOARD OF EDUCATION,Bloomfield High School - Maintenance,23-052523-155NJ,9645.0,expired,2023-07-01,2024-06-30,,
749,BLOOMFIELD BOARD OF EDUCATION,Bloomfield High School - MAINTENANCE,24-0524-155NJ,9645.0,active,2024-07-01,2025-06-30,,
469,NINE ON THE HUDSON CONDOMINIUM ASSOC.,NINE ON THE HUDSON - MAINTENANCE,23-071223-401NJ2,9537.0,expired,2023-08-01,2024-07-31,,"QUARTERLY
SMA INCLUDED
UNL REMOTE SUPPORT"
552,"RWJ BARNABAS HEALTH, INC.",BAYONNE EMERGENCY CARE - MAINTENANCE,Work Order #4,9430.0,expired,2024-01-01,2024-12-31,diane.flakker@rwjbh.org,
552,"RWJ BARNABAS HEALTH, INC.",BAYONNE EMERGENCY CARE - MAINTENANCE,Work Order #4,9430.0,active,2025-01-01,2025-12-31,diane.flakker@rwjbh.org,
200,EASTAMPTON BOARD OF EDUCATION (ESCNJ),EASTAMPTON BOARD OF EDUCATION (ESCNJ) - MAINTENANCE,25-0519-1NJ-1LE,9355.0,active,2025-07-01,2026-06-30,,
469,NINE ON THE HUDSON CONDOMINIUM ASSOC.,NINE AVE AT PORT IMPERIAL - Maintenance,22-071222-401NJ2,9350.0,expired,2022-08-01,2023-07-31,,
519,QC TERME NY LLC,QC TERME NY BUILDING,23-020323-111NY-3Y,9340.0,expired,2022-03-01,2023-02-28,,
552,"RWJ BARNABAS HEALTH, INC.",JERSEY CITY MEDICAL CENTER - MAINTENANCE,Work Order #7,9336.0,expired,2024-01-01,2024-12-31,diane.flakker@rwjbh.org,
552,"RWJ BARNABAS HEALTH, INC.",JERSEY CITY MEDICAL CENTER - MAINTENANCE,Work Order #7,9336.0,active,2025-01-01,2025-12-31,diane.flakker@rwjbh.org,
234,F & G MECHANICAL CORP.,20 WATERVIEW BOULEVARD - MAINTENANCE,24-0821-20NJ,9308.11,active,2025-06-01,2026-05-31,,Quarterly
544,ROCKAWAY BOROUGH SCHOOL DISTRICT (ESCNJ),LINCOLN ES & JEFFERSON MS,22-041822-103NJ,9152.0,expired,2022-07-01,2023-06-30,mklein@rockboro.org,Billed July on October invoice
265,GLEN RIDGE PUBLIC LIBRARY,Glen Ridge  Public Library Mechanical  Contract-Maintenance  (Gamma),23-120122-240NJ,9138.0,expired,2023-01-01,2023-12-31,jbagdon@glenridgelibrary.org,MECHANICAL CONTRACT
1061,TOWNSHIP OF WAYNE (ESCNJ),TOWNSHIP OF WAYNE (ESCNJ) - MAINTENANCE,25-0616-475NJ-3LE,9065.0,active,2025-07-01,2026-06-30,,
517,PUBLISHERS CLEARING HOUSE,300 JERICHO QUADRANGLE - MAINTENANCE,24-101723-300NY,9045.0,active,2024-01-01,2024-12-31,rwaterho@pch.com,
234,F & G MECHANICAL CORP.,20 WATERVIEW BOULEVARD - MAINTENANCE,23-1222-20NJ,9037.0,expired,2024-06-01,2025-05-31,,Quarterly
227,EQUITY RESIDENTIAL,170 AMSTERDAM AVENUE - MAINTENANCE,23-092922-170NY,9000.0,expired,2023-01-01,2023-12-31,pgospodarzec@eqr.com,"2022 renewal billing is Feb, May, Aug & Nov (shifted a month from previous contract)"
520,QSB NORTHERN LLC,29-22 NORTHERN BOULEVARD - ALTA - Maintenance,23-121522-2922NJ,9000.0,expired,2023-02-01,2024-01-31,diana@altalic.com,
520,QSB NORTHERN LLC,29-22 NORTHERN BOULEVARD - ALTA - Maintenance,24-1022-2922NJ-1LE,9000.0,active,2025-01-01,2025-12-31,diana@altalic.com,
470,NOOR-UL-IMAN SCHOOL (ISLAMIC SCHOOL),NOOR-UL-IMAN SCHOOL (ISLAMIC SCHOOL) - MAINTENANCE,25-0203-4137NJ,8992.93,active,2025-03-01,2026-02-28,,
552,"RWJ BARNABAS HEALTH, INC.",JCMC MAIN OFFICE BUILDING - MAINTENANCE,Work Order #6,8904.0,active,2025-01-01,2025-12-31,,
234,F & G MECHANICAL CORP.,20 WATERVIEW BOULEVARD - MAINTENANCE,22-072822-20NJ,8860.0,expired,2023-03-01,2024-02-28,,Quarterly
29,ADAMS & COMPANY,ADAMS & COMPANY 411 5TH - MAINTENANCE,25-0528-411NY-1LE,8800.0,active,2025-07-01,2026-06-30,,
29,ADAMS & COMPANY,ADAMS & COMPANY 48 W 37TH - MAINTENANCE,25-0528-48NY-1LE,8800.0,active,2025-07-01,2026-06-30,,
,LENAPE VALLEY REGIONAL HS (ESCNJ),LENAPE VALLEY REGIONAL HS (ESCNJ) - MAINTENANCE,25-0423-28NJ-1LE,8792.0,active,2025-07-01,2026-06-30,,
517,PUBLISHERS CLEARING HOUSE,300 JERICHO QUADRANGLE - MAINTENANCE,23-110722-300NY,8782.0,expired,2023-01-01,2023-12-31,rwaterho@pch.com,
219,"ENTERIS BIOPHARMA, INC.",ENTERIS BIOPHARMA - MAINTENANCE,24-0524-83NJ,8774.0,expired,2024-07-01,2025-06-30,pshields@enterisbiopharma.com,Quarterly
219,"ENTERIS BIOPHARMA, INC.",ENTERIS BIOPHARMA - MAINTENANCE,25-0520-83NJ,8774.0,active,2025-07-01,2026-06-30,pshields@enterisbiopharma.com,Quarterly
533,RED APPLE 86 FLEET PLACE DEVELOPEMENT LLC,86 FLEET PLACE - MAINTENANCE,23-073123-86NY,8731.03,expired,2023-10-01,2024-09-30,gregg.kravchuk@ragny.com,
533,RED APPLE 86 FLEET PLACE DEVELOPEMENT LLC,86 FLEET PLACE - MAINTENANCE,24-073123-86NY,8731.03,active,2024-10-01,2025-09-30,gregg.kravchuk@ragny.com,
470,NOOR-UL-IMAN SCHOOL (ISLAMIC SCHOOL),NOOR-UL-IMAN SCHOOL (ISLAMIC SCHOOL) - MAINTENANCE,24-0115-4137NJ,8731.0,expired,2024-03-01,2025-02-28,,
382,LENAPE REGIONAL HS DISTRICT (ESCNJ),LENAPE HIGH SCHOOL - Maintenance,22-040422-93NJ,8700.0,expired,2022-07-01,2023-06-30,lglunt@lrhsd.org,Voided inv #60136 dated 8.1.22 - customer prepaid 12 months of maint ( PO 23-001264) adjusted July invoice to full amount of $8700 JE
382,LENAPE REGIONAL HS DISTRICT (ESCNJ),SHAWNEE HIGH SCHOOL - Maintenance,22-040422-93NJ,8700.0,expired,2022-07-01,2023-06-30,lglunt@lrhsd.org,
382,LENAPE REGIONAL HS DISTRICT (ESCNJ),LENAPE HIGH SCHOOL - MAINTENANCE,24-0422-93NJ,8700.0,expired,2024-07-01,2025-06-30,lglunt@lrhsd.org,
382,LENAPE REGIONAL HS DISTRICT (ESCNJ),SHAWNEE HIGH SCHOOL - MAINTENANCE,24-0422-93NJ,8700.0,expired,2024-07-01,2025-06-30,,
382,LENAPE REGIONAL HS DISTRICT (ESCNJ),LENAPE HIGH SCHOOL - MAINTENANCE,25-0328-93NJ,8700.0,active,2025-07-01,2026-06-30,lglunt@lrhsd.org,
382,LENAPE REGIONAL HS DISTRICT (ESCNJ),SHAWNEE HIGH SCHOOL - MAINTENANCE,25-0328-93NJ,8700.0,active,2025-07-01,2026-06-30,,
845,DUTCHESS COUNTY (BOCES),DUTCHESS COUNTY (BOCES) - MAINTENANCE,24-0509-5NY,8604.0,expired,2024-07-01,2025-06-30,,
845,DUTCHESS COUNTY (BOCES),DUTCHESS COUNTY (BOCES) - MAINTENANCE,25-0514-5NY-1LE,8604.0,active,2025-07-01,2026-06-30,,
138,CLIFTON BOARD OF EDUCATION (ESCNJ),CLIFTON EARLY LEARNING ACADEMY - MAINTENANCE,22-040722-CELBNJ,8602.5,expired,2022-07-01,2023-06-30,edmaldonado@cliftonschools.net,
138,CLIFTON BOARD OF EDUCATION (ESCNJ),CLIFTON SCHOOL #17 - MAINTENANCE,22-040722-745NJ,8602.5,expired,2022-07-01,2023-06-30,edmaldonado@cliftonschools.net,
138,CLIFTON BOARD OF EDUCATION (ESCNJ),CLIFTON EARLY LEARNING ACADEMY - MAINTENANCE,23-053023-CELANJ,8602.5,expired,2023-07-01,2024-06-30,edmaldonado@cliftonschools.net,
138,CLIFTON BOARD OF EDUCATION (ESCNJ),CLIFTON SCHOOL #17 - MAINTENANCE,23-053023-CELANJ,8602.5,expired,2023-07-01,2024-06-30,edmaldonado@cliftonschools.net,
138,CLIFTON BOARD OF EDUCATION (ESCNJ),CLIFTON SCHOOL #17 - MAINTENANCE,24-0524-745NJ,8602.5,active,2024-07-01,2025-06-30,edmaldonado@cliftonschools.net,
234,F & G MECHANICAL CORP.,20 WATERVIEW BOULEVARD,22-072822-20NJ,8602.0,expired,2022-03-01,2023-02-28,,Billed quartely
219,"ENTERIS BIOPHARMA, INC.",83 FULTON STREET - Maintenance,22-041122-83NJ,8602.0,expired,2022-07-01,2023-06-30,pshields@enterisbiopharma.com,
406,MANSFIELD TOWNSHIP B.O.E. (ESCNJ),MANSFIELD ELEMENTARY SCHOOL - Maintenance,23-041922-50NJ,8602.0,expired,2022-07-01,2023-06-30,,
20,7 AND 9 ROSZEL ROAD LLC,WEST WINDSOR COMMONS II - 9,22-042022-79NJ-B9,8602.0,expired,2022-07-01,2023-06-30,gregory.ginis@cbre.com,
533,RED APPLE 86 FLEET PLACE DEVELOPEMENT LLC,86 FLEET PLACE - Maintenance,22-082222-86NYKP,8602.0,expired,2022-10-01,2023-09-30,gregg.kravchuk@ragny.com,
470,NOOR-UL-IMAN SCHOOL (ISLAMIC SCHOOL),NOOR-UL-IMAN SCHOOL (ISLAMIC SCHOOL) - MAINTENANCE,23-022723-4137NJ-C,8602.0,expired,2023-03-01,2024-02-29,,
219,"ENTERIS BIOPHARMA, INC.",ENTERIS BIOPHARMA - MAINTENANCE,23-053023-83NJ,8602.0,expired,2023-07-01,2024-06-30,pshields@enterisbiopharma.com,Quarterly
406,MANSFIELD TOWNSHIP B.O.E. (ESCNJ),MANSFIELD ELEMENTARY SCHOOL - MAINTENANCE,23-053123-50NJ,8602.0,expired,2023-07-01,2024-06-30,,
406,MANSFIELD TOWNSHIP B.O.E. (ESCNJ),MANSFIELD ELEMENTARY SCHOOL - MAINTENANCE,24-052324-50NJ,8602.0,expired,2024-07-01,2025-06-30,,
406,MANSFIELD TOWNSHIP B.O.E. (ESCNJ),MANSFIELD ELEMENTARY SCHOOL - MAINTENANCE,,8602.0,active,2025-07-01,2026-06-30,,
105,BTCT (STEINER RT 202),BRIDGEWATER TOWN CENTRE - MAINTENANCE,23-1221-75NJ,8500.0,expired,2024-02-01,2025-01-31,sph@steinereq.net,10 Service Hours
105,BTCT (STEINER RT 202),BRIDGEWATER TOWN CENTRE - MAINTENANCE,25-0117-75NJ-2LE,8500.0,active,2025-02-01,2026-01-31,sph@steinereq.net,10 Service Hours
877,LEBANON BOARD OF EDUCATION (ESCNJ),LEBANON BOARD OF EDUCATION (ESCNJ) -  MAINTENANCE,25-0514-70NJ-1LE,8491.0,active,2025-07-01,2026-06-30,,
531,REACT TECHNICAL INC.,REACT TECHNICAL INC. - MAINTENANCE,23-053023-401NY,8413.0,expired,2023-07-01,2024-06-30,,"QUARTERLY

(12) Hrs. Remote Support."
531,REACT TECHNICAL INC.,MIDNIGHT THEATRE (ELEMENTAL),22-053122-401NY,8248.0,expired,2022-07-01,2023-06-30,,
700,WELSPUN USA  INC.,WELSPUN USA INC. - MAINTENANCE,24-0212-10NY,8200.0,active,2025-05-01,2027-04-30,,
552,"RWJ BARNABAS HEALTH, INC.",JCMC WOMEN'S HEALTH - MAINTENANCE,Work Order #8,8080.0,active,2025-01-01,2025-12-31,,
746,BELLEVILLE BOARD OF EDUCATION (ESCNJ),BELLEVILLE BOARD OF EDUCATION (ESCNJ) - MAINTENANCE,25-031225-279NJ,8005.0,active,2025-07-01,2026-06-30,renato.peralta@bellevilleschools.org,
704,WEST NEW YORK BOE (ESCNJ),WNY HARRY L BAIN SCHOOL (HLB / PS # 6) - MAINTENANCE,24-0524-HLBNJ,8000.64,active,2024-07-01,2025-06-30,rsolares@wnyschools.net,"Quarterly
SMA
Unlimited RS"
704,WEST NEW YORK BOE (ESCNJ),WNY PUBLIC SCHOOL #3 - MAINTENANCE,24-0524-PS3NJ,8000.64,active,2024-07-01,2025-06-30,rsolares@wnyschools.net,Quarterly
704,WEST NEW YORK BOE (ESCNJ),WNY PUBLIC SCHOOL #4 - MAINTENANCE,24-0524-PS4NJ,8000.64,active,2024-07-01,2025-06-30,rsolares@wnyschools.net,"Quarterly
SMA
Unlimited RS"
652,TOWNSHIP OF HOLMDEL (ESCNJ),MUNICIPAL BUILDING - MAINTENANCE,23-110722-4NJ,7991.0,expired,2023-01-01,2023-12-31,bkovelesky@holmdeltownship.com,Billed June instead of January
473,NORTHERN HIGHLANDS REG. HIGH SCHOOL BOE,NORTHERN HIGHLANDS REG. HIGH SCHOOL BOE - PNEUMATICS MAINTENANCE,24-040524-289NJ,7986.0,expired,2024-07-01,2025-06-30,,
552,"RWJ BARNABAS HEALTH, INC.",JCMC FAMILY HEALTH CENTER - MAINTENANCE,Work Order #3,7943.0,active,2025-01-01,2025-12-31,,
472,NORTHERN HIGHLANDS REG. H.S. (ESCNJ),NORTHERN HIGHLANDS REGIONAL HIGH SCHOOL - MAINTENANCE,25-0417-289NJ,7898.0,active,2025-07-01,2026-06-30,atchisonj@northernhighlands.org,
312,HUDSON COUNTY SCHOOLS OF TECH (ESCNJ),HUDSON COUNTY TECH (EXPLORE MS)  - MAINTENANCE,23-042723-180NJ,7860.0,expired,2023-07-01,2024-06-30,,QUARTERLY
312,HUDSON COUNTY SCHOOLS OF TECH (ESCNJ),HUDSON COUNTY TECH (EXPLORE MS)  - MAINTENANCE,24-0524-180NJ,7860.0,expired,2024-07-01,2025-06-30,,QUARTERLY
312,HUDSON COUNTY SCHOOLS OF TECH (ESCNJ),HUDSON COUNTY TECH (EXPLORE MS)  - MAINTENANCE,25-0623-180NJ,7860.0,active,2025-07-01,2026-06-30,,QUARTERLY
307,HONEYWELL INC.,VALLEY STREAM UFSD - MAINTENANCE,,7784.19,expired,2024-07-15,2024-10-31,,
875,DOBBS FERRY UFSD (ED-DATA),DOBBS FERRY UFSD (ED-DATA) - MAINTENANCE,24-0207-505NY,7781.0,expired,2024-02-01,2024-06-30,,
935,OGDENSBURG BOARD OF EDUCATION,OGDENSBURG BOARD OF EDUCATION - MAINTENANCE,24-042324-289NJ,7770.0,expired,2024-07-01,2025-06-30,,
935,OGDENSBURG BOARD OF EDUCATION,OGDENSBURG BOARD OF EDUCATION - MAINTENANCE,25-121124-289NJ,7770.0,active,2025-07-01,2026-06-30,,
1010,ROBERT TREAT HOTEL,ROBERT TREAT HOTEL - MAINTENANCE,24-111324-289NJ,7744.0,active,2024-12-01,2025-11-30,,
746,BELLEVILLE BOARD OF EDUCATION (ESCNJ),BELLEVILLE BOARD OF EDUCATION (ESCNJ) - MAINTENANCE,23-030623-279NJ,7715.0,expired,2023-04-01,2024-03-31,renato.peralta@bellevilleschools.org,
746,BELLEVILLE BOARD OF EDUCATION (ESCNJ),BELLEVILLE BOARD OF EDUCATION (ESCNJ) - MAINTENANCE,23-030623-279NJ,7715.0,expired,2024-04-01,2024-06-30,renato.peralta@bellevilleschools.org,
746,BELLEVILLE BOARD OF EDUCATION (ESCNJ),BELLEVILLE BOARD OF EDUCATION (ESCNJ) - MAINTENANCE,24-0318-279NJ,7715.0,expired,2024-07-01,2025-06-30,renato.peralta@bellevilleschools.org,
265,GLEN RIDGE PUBLIC LIBRARY,Glen Ridge  Public Library Controls Contract - Maintenance,24-102023-240NJ-1Y-2,7630.0,active,2024-01-01,2024-12-31,jbagdon@glenridgelibrary.org,CONTROLS CONTRACT
942,LAFAYETTE TOWNSHIP BOARD OF EDUCATION,LAFAYETTE TOWNSHIP BOARD OF EDUCATION - PNEUMATICS MAINTENANCE,24-0506-50NJ,7600.0,active,2024-06-01,2025-05-31,,
495,PENGUIN MAINTENANCE & SERVICE INC.,PEAK 6 - MAINTENANCE,23-071123-888NY,7596.0,expired,2023-08-01,2024-07-31,jmessina@penguinac.com,Quarterly
495,PENGUIN MAINTENANCE & SERVICE INC.,PEAK 6 - MAINTENANCE,24-0524-888NY,7596.0,active,2024-08-01,2025-07-31,jmessina@penguinac.com,Quarterly
704,WEST NEW YORK BOE (ESCNJ),WNY EARLY CHILDHOOD CENTER (ECC) - MAINTENANCE,24-0524-ECCNJ,7553.8,active,2024-07-01,2025-06-30,rsolares@wnyschools.net,Quarterly
80,BLOOMINGDALE BOARD OF EDUCATION,WALTER T. BERGEN MIDDLE SCHOOL - MAINTENANCE,22-082222-29NJ,7437.0,expired,2022-10-01,2023-06-30,,
704,WEST NEW YORK BOE (ESCNJ),WNY WEST NY MIDDLE SCHOOL - MAINTENANCE,24-0524-MSNJ,7431.1,active,2024-07-01,2025-06-30,rsolares@wnyschools.net,"Quarterly
SMA
Unlimited Remote Support"
943,HARDYSTON BOARD OF EDUCATION,HARDYSTON BOARD OF EDUCATION - PNEUMATICS MAINTENANCE,24-042324-289NJ,7400.0,expired,2024-07-01,2025-06-30,,
542,RMANJ MANAGEMENT,RMANJ MANAGEMENT - MAINTENANCE,24-1205-95NJ-2LE,7375.0,expired,2025-01-01,2025-12-31,,
495,PENGUIN MAINTENANCE & SERVICE INC.,PEAK 6 - MAINTENANCE,22-102722-888NY,7374.8,expired,2022-08-01,2023-07-31,jmessina@penguinac.com,To be billed after PM is complete.
704,WEST NEW YORK BOE (ESCNJ),WNY PUBLIC SCHOOL #2 - MAINTENANCE,22-110322-PS2NJ,7364.0,expired,2022-11-01,2023-10-31,rsolares@wnyschools.net,
704,WEST NEW YORK BOE (ESCNJ),WNY PUBLIC SCHOOL #3 - MAINTENANCE,22-110322-PS3NJ,7364.0,expired,2022-11-01,2023-10-31,rsolares@wnyschools.net,
704,WEST NEW YORK BOE (ESCNJ),WNY PUBLIC SCHOOL #4 - MAINTENANCE,22-110322-PS4NJ,7364.0,expired,2022-11-01,2023-10-31,rsolares@wnyschools.net,
704,WEST NEW YORK BOE (ESCNJ),WNY WEST NY MIDDLE SCHOOL - MAINTENANCE,22-110322-MSNJ,7364.0,expired,2022-11-01,2023-10-31,rsolares@wnyschools.net,
704,WEST NEW YORK BOE (ESCNJ),WNY EARLY CHILDHOOD CENTER (ECC) - MAINTENANCE,23-063023-ECCNJ,7364.0,expired,2023-07-01,2024-06-30,rsolares@wnyschools.net,Quarterly
704,WEST NEW YORK BOE (ESCNJ),WNY HARRY L BAIN SCHOOL (HLB / PS # 6) - MAINTENANCE,23-063023-HLBNJ,7364.0,expired,2023-07-01,2024-06-30,rsolares@wnyschools.net,"Quarterly
SMA
Unlimited RS"
704,WEST NEW YORK BOE (ESCNJ),WNY PUBLIC SCHOOL #2 - MAINTENANCE,23-063023-PS2NJ,7364.0,expired,2023-07-01,2024-06-30,rsolares@wnyschools.net,
704,WEST NEW YORK BOE (ESCNJ),WNY PUBLIC SCHOOL #3 - MAINTENANCE,23-063023-PS3NJ,7364.0,expired,2023-07-01,2024-06-30,rsolares@wnyschools.net,Quarterly
704,WEST NEW YORK BOE (ESCNJ),WNY PUBLIC SCHOOL #4 - MAINTENANCE,23-063023-PS4NJ,7364.0,expired,2023-07-01,2024-06-30,rsolares@wnyschools.net,"Quarterly
SMA
Unlimited RS"
704,WEST NEW YORK BOE (ESCNJ),WNY WEST NY MIDDLE SCHOOL - MAINTENANCE,23-063023-MSNJ,7364.0,expired,2023-07-01,2024-06-30,rsolares@wnyschools.net,"Quarterly
SMA
Unlimited Remote Support"
704,WEST NEW YORK BOE (ESCNJ),WNY PUBLIC SCHOOL #2 - MAINTENANCE,24-0524-PS2NJ,7364.0,active,2024-07-01,2025-06-30,rsolares@wnyschools.net,
1065,HIGH POINT REGIONAL HIGH SCHOOL (ESCNJ),HIGH POINT REGIONAL HIGH SCHOOL (ESCNJ) -  MAINTENANCE,25-0310-299NJ-1LE,7311.0,active,2025-07-01,2026-06-30,,
960,"ECOSAVE AUTOMATION, LLC","ECOSAVE AUTOMATION, LLC - MAINTENANCE",25-0128-8353NY,7306.0,active,2025-02-01,2026-01-31,,
1024,"QUINN EMANUEL URQUHART & SULLIVAN, LLP","QUINN EMANUEL URQUHART & SULLIVAN, LLP -  MAINTENANCE",24-1219-295NJ-4LE,7306.0,active,2025-04-01,2026-03-31,,
960,"ECOSAVE AUTOMATION, LLC","ECOSAVE AUTOMATION, LLC - MAINTENANCE",24-0207-8353NY,7139.0,expired,2024-02-01,2025-01-31,,
974,MORRIS SCHOOL DISTRICT (ESCNJ),MORRIS SCHOOL DISTRICT (ESCNJ) - MAINTENANCE,24-1204-50NJ-1LE,7051.0,active,2025-01-01,2025-06-30,,
265,GLEN RIDGE PUBLIC LIBRARY,Glen Ridge  Public Library Controls Contract - Maintenance,23-120122-240NJ,6960.2,expired,2023-01-01,2023-12-31,jbagdon@glenridgelibrary.org,CONTROLS CONTRACT
712,WMC ASSOCIATES,WMC ASSOCIATES - MAINTENANCE,25-0228-105NY,6950.0,active,2025-03-01,2026-02-28,,
408,MARGARITAVILLE HOTEL & RETAIL,MARGARITAVILLE HOTEL & RETAIL - MAINTENANCE,23-0507-207NY,6920.0,active,2024-09-01,2025-08-31,jneuendorf@margaritavilleresortnyc.com,3 VISITS/YEAR
684,VISION PROPERTIES (350 & 360 Mt Kemble),350 & 360 MT. KEMBLE - MAINTENANCE,24-0814-169NJ,6918.22,active,2024-11-01,2025-10-31,taj.alexander@vision-properties.com,
105,BTCT (STEINER RT 202),BRIDGEWATER TOWN CENTRE - MAINTENANCE,23-010923-75NJ,6880.0,expired,2023-02-01,2024-01-31,sph@steinereq.net,10 Service Hours
579,"SODEXO OPERATIONS, LLC",WOODBRIDGE FACILITY,22-040822-9801NJ,6800.0,expired,2022-05-03,2023-05-02,tayler.chambers@sodexo.com,
408,MARGARITAVILLE HOTEL & RETAIL,MARGARITAVILLE HOTEL & RETAIL - MAINTENANCE,23-040623-207NY,6765.0,expired,2023-06-01,2024-05-31,jneuendorf@margaritavilleresortnyc.com,3 VISITS/YEAR
704,WEST NEW YORK BOE (ESCNJ),WNY HARRY L BAIN SCHOOL (HLB / PS # 6) - MAINTENANCE,22-110322-HLBNJ,6720.0,expired,2022-11-01,2023-10-31,rsolares@wnyschools.net,
256,GAP INC.,GAP INC. - MAINTENANCE,25-111121-55NY-R2,6642.0,active,2025-01-01,2025-12-31,,
256,GAP INC.,OLD NAVY - MAINTENANCE,25-111121-55NY-R2,6642.0,active,2025-01-01,2025-12-31,,
816,"CELLDEX THERAPEUTICS, INC.","CELLDEX THERAPEUTICS, INC. - MAINTENANCE",25-0219-53NJ,6617.0,active,2025-03-01,2026-02-28,,
595,STATE OF NJ REGIONAL MEDICAL EXAM,STATE OF NJ REGIONAL MEDICAL EXAM - MAINTENANCE,24-0703-325NJ,6586.33,active,2024-10-01,2025-09-30,julia.acevedo@doh.nj.gov,Send vouchers with each billing
1004,HARRISON TOWNSHIP BOE (ESCNJ),HARRISON TOWNSHIP BOE (ESCNJ) - MAINTENANCE,25-0624-120NJ-3LE,6536.0,active,2025-07-01,2026-06-30,,
982,WALLKILL VALLEY RHS BOARD OF EDUCATION,WALLKILL VALLEY RHS BOARD OF EDUCATION -  MAINTENANCE,24-0506-50NJ,6500.0,active,2024-06-01,2025-05-31,,
595,STATE OF NJ REGIONAL MEDICAL EXAM,STATE OF NJ REGIONAL MEDICAL EXAM - MAINTENANCE,23-080323-325NJ,6489.0,expired,2023-10-01,2024-09-30,julia.acevedo@doh.nj.gov,Send vouchers with each billing
473,NORTHERN HIGHLANDS REG. HIGH SCHOOL BOE,NORTHERN HIGHLANDS REG. HIGH SCHOOL BOE - PNEUMATICS MAINTENANCE,25-051525-289NJ,6475.0,active,2025-07-01,2026-06-30,,
485,PARADISE HARBOR CONDOMINIUM,PARADISE HARBOR CONDOMINIUM - MAINTENANCE,25-0213-117NY-1LE,6438.0,active,2025-03-01,2026-02-28,,
472,NORTHERN HIGHLANDS REG. H.S. (ESCNJ),NORTHERN HIGHLANDS REGIONAL HIGH SCHOOL - MAINTENANCE,23-042523-289NJ,6387.4,expired,2023-07-01,2024-06-30,atchisonj@northernhighlands.org,
472,NORTHERN HIGHLANDS REG. H.S. (ESCNJ),NORTHERN HIGHLANDS REGIONAL HIGH SCHOOL - MAINTENANCE,23-042523-289NJ,6387.4,expired,2024-07-01,2025-06-30,atchisonj@northernhighlands.org,
684,VISION PROPERTIES (350 & 360 Mt Kemble),350 & 360 MT. KEMBLE - MAINTENANCE,23-062023-169NJ,6387.23,expired,2023-11-01,2024-10-31,taj.alexander@vision-properties.com,
595,STATE OF NJ REGIONAL MEDICAL EXAM,325 NORFOLK STREET - MAINTENANCE,22-082222-325NJ,6300.0,expired,2022-10-01,2023-09-30,julia.acevedo@doh.nj.gov,Send vouchers with each billing
315,HUGHES ENVIRONMENTAL,608 5TH AVE - BASE BUILDING,22-122921-608M,6271.2,expired,2022-01-01,2022-12-31,rtiemers@hughesenveng.com,
408,MARGARITAVILLE HOTEL & RETAIL,DREAM HOTEL,22-020322-LM1-R2,6264.0,expired,2022-05-01,2023-04-30,jneuendorf@margaritavilleresortnyc.com,
552,"RWJ BARNABAS HEALTH, INC.",355 GRAND STREET - MAINTENANCE,Work Order #5,6252.0,expired,2024-01-01,2024-12-31,,
552,"RWJ BARNABAS HEALTH, INC.",355 GRAND STREET - MAINTENANCE,Work Order #5,6252.0,active,2025-01-01,2025-12-31,,
200,EASTAMPTON BOARD OF EDUCATION (ESCNJ),EASTAMPTON BOARD OF EDUCATION (ESCNJ) - MAINTENANCE,24-0808-1NJ,6173.0,expired,2024-09-01,2025-06-30,,
733,JACKIE ROBINSON FOUNDATION,JACKIE ROBINSON FOUNDATION - MAINTENANCE,23-101323-75NY,6061.86,active,2024-01-01,2024-12-31,,"JAN, JUL"
307,HONEYWELL INC.,SHOREHAM-WADING RIVER SCHOOL DISTRICT,23-040522-300NC,6003.0,expired,2022-09-16,2023-03-15,cara.marino@honeywell.com,2 QUARTERS
520,QSB NORTHERN LLC,29-22 NORTHERN BOULEVARD - ALTA - Maintenance,23-121522-2922NJ,6000.0,expired,2024-06-01,2024-12-31,diana@altalic.com,
696,WATCHUNG HILLS REG TWP HS BOE (ESCNJ),WATCHUNG HILLS REGIONAL HIGH SCHOOL - MAINTENANCE,24-1111-108NJ,5973.33,expired,2025-05-01,2025-06-30,,
733,JACKIE ROBINSON FOUNDATION,JACKIE ROBINSON FOUNDATION - MAINTENANCE,23-121422-75NY,5943.0,expired,2023-01-01,2023-12-31,,"JAN, JUL"
631,THE PORT AUTH. OF NY&NJ BILL TO 120 ACADE,120 ACADEMY STREET - MAINTENANCE,20-061220-608,5840.36,active,2025-06-01,2026-05-31,lsantana@panynj.gov,"Three year contract price $16,800.00"
547,ROSELAND BOARD OF EDUCATION (ESCNJ),ROSELAND BOE - MAINTENANCE,24-052424-100NJ,5754.32,expired,2024-07-01,2025-06-30,taugust@roselandnjboe.org,
547,ROSELAND BOARD OF EDUCATION (ESCNJ),ROSELAND BOE - MAINTENANCE,25-0328-100NJ,5754.32,active,2025-07-01,2026-06-30,taugust@roselandnjboe.org,
234,F & G MECHANICAL CORP.,ARCHIVED _ 389 INTERPACE - MAINTENANCE,23-091322-348NJ,5700.0,expired,2023-05-01,2024-04-30,leek@fgmech.com,Quarterly
234,F & G MECHANICAL CORP.,ARCHIVED _ 399 INTERPACE - MAINTENANCE,23-091322-348NJ,5700.0,expired,2023-05-01,2024-04-30,leek@fgmech.com,
631,THE PORT AUTH. OF NY&NJ BILL TO 120 ACADE,120 ACADEMY STREET - MAINTENANCE,20-061220-608,5670.26,expired,2024-06-01,2025-05-31,lsantana@panynj.gov,"Three year contract price $16,800.00"
258,GEORGE S. HALL INC.,96 ACADEMY STREET - MAINTENANCE,24-0205-96NJ,5663.0,expired,2024-03-04,2025-03-03,dean.clark@gshgroup.com,
258,GEORGE S. HALL INC.,96 ACADEMY STREET - MAINTENANCE,25-0213-96NJ,5663.0,active,2025-03-04,2026-03-03,dean.clark@gshgroup.com,
631,THE PORT AUTH. OF NY&NJ BILL TO 120 ACADE,120 ACADEMY STREET,20-061220-608,5600.0,expired,2020-06-01,2023-05-31,lsantana@panynj.gov,"Three year contract price $16,800.00"
472,NORTHERN HIGHLANDS REG. H.S. (ESCNJ),NORTHERN HIGHLANDS REGIONAL HIGH SCHOOL - Maintenance,23-051022-289NJ,5600.0,expired,2022-07-01,2023-06-30,atchisonj@northernhighlands.org,
631,THE PORT AUTH. OF NY&NJ BILL TO 120 ACADE,120 ACADEMY STREET - MAINTENANCE,20-061220-608,5600.0,expired,2023-06-01,2024-05-31,lsantana@panynj.gov,"Three year contract price $16,800.00"
258,GEORGE S. HALL INC.,96 ACADEMY STREET - MAINTENANCE,23-021323-96NJ,5580.0,expired,2023-03-04,2024-03-03,dean.clark@gshgroup.com,
955,SHEET METAL WORKERS LOCAL 28 EF,SHEET METAL WORKERS LOCAL 28 EF - MAINTENANCE,23-090523-500NY,5517.0,active,2024-07-01,2025-06-28,,
385,LINCOLN CENTER FOR THE PERFORMING ARTS,33 W 60TH STREET - 8TH FLOOR - MAINTENANCE,22-113022-33NY,5500.0,expired,2022-12-01,2023-06-30,pmclaughlin@lincolncenter.org,
5,10 SULLIVAN STREET CONDOMINIUM,10 SULLIVAN STREET CONDOMINIUM - MAINTENANCE,23-021323-10NY,5407.0,active,2024-04-01,2025-03-31,jimmy10sullivan@gmail.com,"Apr, Oct (Semi-Annual in Advance)"
258,GEORGE S. HALL INC.,96 ACADEMY STREET,23-021323-96NJ,5400.0,expired,2022-03-03,2023-03-03,dean.clark@gshgroup.com,
234,F & G MECHANICAL CORP.,369 INTERPACE - MAINTENANCE,23-091322-369NJ,5400.0,expired,2023-05-01,2024-04-30,,
234,F & G MECHANICAL CORP.,379 INTERPACE - MAINTENANCE,23-091322-369NJ,5400.0,expired,2023-05-01,2024-04-30,,
334,ISUS A JOINT VENTURE,614 FRELINGHUYSEN AVENUE,22-040422-614NJ,5350.0,expired,2022-04-01,2023-03-31,cary@symhellerdev.com,
465,NEW YORK STATE THRUWAY AUTHORITY,STATE POLICE BUILDING & NYTA MAINTENANCE FACILITY - MAINTENANCE,,5250.0,active,2021-06-18,2026-03-31,john.w.powers@thruway.ny.gov,
5,10 SULLIVAN STREET CONDOMINIUM,10 SULLIVAN STREET CONDOMINIUM - MAINTENANCE,PM22-04001,5250.0,expired,2022-04-01,2023-03-31,jimmy10sullivan@gmail.com,"Apr, Oct (Semi-Annual in Advance)"
5,10 SULLIVAN STREET CONDOMINIUM,10 SULLIVAN STREET CONDOMINIUM - MAINTENANCE,23-021323-10NY,5250.0,expired,2023-04-01,2024-03-31,jimmy10sullivan@gmail.com,"Apr, Oct (Semi-Annual in Advance)"
707,RXR SL OWNER LLC,"WHEELS UP PARTNERS, LLC - MAINTENANCE",24-0325-601NY,5240.0,active,2024-04-01,2025-03-31,,
707,RXR SL OWNER LLC,"WHEELS UP PARTNERS, LLC - MAINTENANCE",24-0325-601NY,5240.0,expired,2024-04-01,2025-03-31,,
548,ROSELLE PARK B.O.E. (ESCNJ),ROSELLE PARK HIGH SCHOOL - MAINTENANCE,22-100522-185NJ,5174.0,expired,2022-11-01,2023-10-31,wdenike@rpsd.org,
548,ROSELLE PARK B.O.E. (ESCNJ),ROSELLE PARK HIGH SCHOOL - MAINTENANCE,23-080223-185NJ,5174.0,expired,2023-11-01,2024-10-31,wdenike@rpsd.org,
421,MEADOWS LANDMARK LLC,THE MEADOWS - MAINTENANCE,22-011722-201NJ3YR,5129.0,expired,2022-01-01,2024-12-31,j.lamsick@americanlandmark.com,ADD TAX
625,THE LEARNING EXPERIENCE,THE LEARNING EXPERIENCE - MAINTENANCE,22-060722-3300NJ,5089.23,active,2023-07-01,2024-06-30,sbarry@tlechildcare.com,Semi-Annually
902,ALEXANDRIA TOWNSHIP BOE (ESCNJ),ALEXANDRIA TOWNSHIP BOE (ESCNJ) - MAINTENANCE,25-0501-557NJ,5071.5,active,2025-07-01,2026-06-30,,
460,NEW JERSEY SPORTS & EXPOSITION AUTHORITY,NJ SPORTS & EXPOSITION AUTHORITY - MAINTENANCE,25-0110-1NJ,5011.72,active,2025-01-01,2025-12-31,gbosco@njsea.com,
700,WELSPUN USA  INC.,WELSPUN USA INC. - MAINTENANCE,24-0212-10NY,5000.0,expired,2024-04-01,2025-03-31,,
385,LINCOLN CENTER FOR THE PERFORMING ARTS,ROSE BUILDING - MAINTENANCE,23-1205-70NY,4997.56,expired,2024-02-01,2025-01-31,cmcaleer@lincolncenter.org,
707,RXR SL OWNER LLC,WHEELS UP - MAINTENANCE,22-082322-601NY,4988.0,expired,2022-09-01,2023-08-31,lisa.jones@wheelsup.com,
72,BENMAR AIR CONDITIONING LLC,BENMAR AIR CONDITIONING LLC - MAINTENANCE,25-0213-1401NJ-1LE,4975.0,active,2025-03-01,2026-02-28,,
1043,MORRIS-UNION JOINTURE COMMISSION (ESCNJ),MORRIS-UNION JOINTURE COMMISSION (ESCNJ) -  MAINTENANCE,25-0327-340NJ-1LE,4966.0,active,2025-07-01,2026-06-30,,
625,THE LEARNING EXPERIENCE,THE LEARNING EXPERIENCE - Maintenance,22-060722-3300NJ,4941.0,expired,2022-07-01,2023-06-30,sbarry@tlechildcare.com,
331,ISLAMIC CENTER OF LONG ISLAND,ISLAMIC CENTER OF LONG ISLAND - MAINTENANCE,22-090822-835NY,4928.0,expired,2023-01-01,2023-12-31,info@icliny.org,
700,WELSPUN USA  INC.,WELSPUN USA  INC. - MAINTENANCE,23-031323-10NY,4928.0,expired,2023-04-01,2024-03-31,,
235,FACTORY LESSOR LLC,ATLAS FACTORY - MAINTENANCE,23-021023-450NY,4896.0,expired,2023-03-01,2024-02-26,emckelvey@atlas-cap.com,
235,FACTORY LESSOR LLC,ATLAS FACTORY - MAINTENANCE,24-0105-450NY,4896.0,active,2024-01-01,2024-12-31,emckelvey@atlas-cap.com,
,(DELETE) TORNEAU LLC,TORNEAU LLC. -  MAINTENANCE,24-0105-450NY,4896.0,active,2024-01-01,2024-12-31,,
648,TOURNEAU LLC,TOURNEAU LLC  - MAINTENANCE,24-0105-450NY,4896.0,expired,2024-01-01,2024-12-31,,
126,CENTRAL PRESBYTERIAN CHURCH,CENTRAL PRESBYTERIAN CHURCH - MAINTENANCE,24-0206-70NY,4859.0,active,2024-10-01,2025-09-30,,
385,LINCOLN CENTER FOR THE PERFORMING ARTS,ROSE BUILDING - MAINTENANCE,23-010923-70NY,4852.05,expired,2023-02-01,2024-01-31,cmcaleer@lincolncenter.org,
225,EPIC SCHOOL,EPIC SCHOOL - MAINTENANCE,25-0129-238NJ,4821.54,active,2025-01-01,2025-12-31,wschmaltz@epicschool.org,
235,FACTORY LESSOR LLC,ATLAS FACTORY,23-021023-450NY,4800.0,expired,2021-08-01,2022-07-31,emckelvey@atlas-cap.com,
225,EPIC SCHOOL,EPIC SCHOOL - MAINTENANCE,23-102822-238NJ,4727.0,expired,2024-01-01,2024-12-31,wschmaltz@epicschool.org,
460,NEW JERSEY SPORTS & EXPOSITION AUTHORITY,NJ SPORTS & EXPOSITION AUTHORITY - MAINTENANCE,23-110222-1NJKP,4725.0,expired,2023-01-01,2023-12-31,gbosco@njsea.com,
385,LINCOLN CENTER FOR THE PERFORMING ARTS,ROSE BUILDING,20-022020-146M,4621.0,expired,2020-03-03,2023-01-31,sdestefano@lincolncenter.org,
225,EPIC SCHOOL,EPIC SCHOOL - MAINTENANCE,23-102822-238NJ,4590.0,expired,2023-01-01,2023-12-31,wschmaltz@epicschool.org,
298,HEWLETT-WOODMERE PUBLIC LIBRARY,HEWLETT-WOODMERE PUBLIC LIBRARY - MAINTENANCE,22-062722-1125NY,4581.0,expired,2023-07-01,2024-06-30,adachtera@hwpl.org,"Semi-Annual
SMA included
Unlimited Remote Support"
298,HEWLETT-WOODMERE PUBLIC LIBRARY,HEWLETT-WOODMERE PUBLIC LIBRARY - MAINTENANCE,24-0524-1125NY,4581.0,active,2024-07-01,2025-06-30,adachtera@hwpl.org,"Semi-Annual
SMA included
Unlimited Remote Support"
544,ROCKAWAY BOROUGH SCHOOL DISTRICT (ESCNJ),ROCKAWAY BOROUGH BOE - MAINTENANCE,23-052423-103NJ,4576.0,expired,2023-07-01,2024-06-30,mklein@rockboro.org,"Half Day Visits
Quarterly"
544,ROCKAWAY BOROUGH SCHOOL DISTRICT (ESCNJ),ROCKAWAY BOROUGH BOE - MAINTENANCE,24-0524-103NJ,4576.0,expired,2024-07-01,2025-06-30,mklein@rockboro.org,"Half Day Visits
Quarterly"
544,ROCKAWAY BOROUGH SCHOOL DISTRICT (ESCNJ),ROCKAWAY BOROUGH BOE - MAINTENANCE,25-0521-103NJ,4576.0,active,2025-07-01,2026-06-30,mklein@rockboro.org,"Half Day Visits
Quarterly"
122,CEDAR GROVE SCHOOL DISTRICT (ESCNJ),CEDAR GROVE MIDDLE SCHOOL,23-070123-520NJ,4520.0,expired,2023-02-01,2023-06-30,bannonj@cgschools.org,
877,LEBANON BOARD OF EDUCATION (ESCNJ),LEBANON BOARD OF EDUCATION (ESCNJ) -  MAINTENANCE,23-1214-400NJ,4465.0,expired,2025-01-29,2025-06-30,,
307,HONEYWELL INC.,VALLEY STREAM UFSD - MAINTENANCE,24-1028-30NY,4436.47,expired,2024-11-01,2025-03-31,,
877,LEBANON BOARD OF EDUCATION (ESCNJ),LEBANON BOARD OF EDUCATION (ESCNJ) -  MAINTENANCE,23-1214-400NJ,4410.0,expired,2024-01-29,2025-01-28,,
902,ALEXANDRIA TOWNSHIP BOE (ESCNJ),ALEXANDRIA TOWNSHIP BOE (ESCNJ) - MAINTENANCE,23-1212-557NJ,4410.0,expired,2024-07-01,2025-06-30,,
648,TOURNEAU LLC,TOURNEAU LLC  - MAINTENANCE,25-0115-450NY-2LE,4292.0,active,2025-01-01,2025-12-31,,
707,RXR SL OWNER LLC,WHEELS UP - MAINTENANCE,23-071523-601NY,4288.0,expired,2023-10-01,2024-03-31,robert.kriedberg@wheelsup.com,"(6) Months
(2) Visits
SMA included
UNL RS"
37,AIR STREAM AIR CONDITIONING CORP,ST. JOHNS RIVERSIDE HOSPITAL OUTPATIENT- MAINTENANCE,23-053023-400NY,4170.96,expired,2023-06-01,2024-05-31,dmorrill@airstreamac.com,Billed once PM is completed. 1/4/22 GS No PM for Dec or Jan per Alexa.
153,CORE FACILITIES SERVICES LLC.,ESSEX COUNTY WEST CALDWELL TECH - MAINTENANCE,23-072822-32NJ,4100.0,expired,2022-08-01,2023-07-31,jkelly@corefsllc.com,
284,HAMPTON SCHOOL DISTRICT (ESCNJ),HAMPTON ELEMENTARY SCHOOL - MAINTENANCE,23-072822-32NJ,4100.0,expired,2022-08-01,2023-07-31,jneidlinger@hamptonpublicschool.org,Billed 1st & 2nd Billing together in October
153,CORE FACILITIES SERVICES LLC.,ESSEX COUNTY WEST CALDWELL TECH - MAINTENANCE,23-071223-620NJ,4100.0,expired,2023-08-01,2024-07-31,jkelly@corefsllc.com,SEMI-ANNUAL
284,HAMPTON SCHOOL DISTRICT (ESCNJ),HAMPTON SCHOOL DISTRICT - MAINTENANCE,23-071223-32NJ,4100.0,expired,2023-08-01,2024-07-31,jschlessinger@hamptonpublicschool.org,Billed 1st & 2nd Billing together in October
284,HAMPTON SCHOOL DISTRICT (ESCNJ),HAMPTON SCHOOL DISTRICT - MAINTENANCE,24-0524-32NJ,4100.0,active,2024-08-01,2025-07-31,jschlessinger@hamptonpublicschool.org,Billed 1st & 2nd Billing together in October
37,AIR STREAM AIR CONDITIONING CORP,ST. JOHNS RIVERSIDE HOSPITAL OUTPATIENT,22-040422-400NY,4098.0,expired,2022-06-01,2023-05-31,dmorrill@airstreamac.com,Billed once PM is completed. 1/4/22 GS No PM for Dec or Jan per Alexa.
686,VISITING NURSE ASSOCIATION OF NORTHERN NJ,VISITING NURSE ASSOCIATION - MAINTENANCE,23-111122-175NJ,4094.25,expired,2023-01-01,2023-12-31,arenna@vnannj.org,
608,TAMARACK COUNTRY CLUB,TAMARACK COUNTRY CLUB - MAINTENANCE,24-1208-55CT,4000.0,active,2024-12-01,2025-11-30,,
622,THE GATEWAY SCHOOL,THE GATEWAY SCHOOL - MAINTENANCE,25-0723-211NY,4000.0,active,2025-08-01,2026-07-31,,
81,BLU DOT HQ,BLU DOT - MAINTENANCE,23-1226-79NY,3965.0,active,2024-03-01,2025-02-28,kweber@bludot.com,
177,DELAWARE TOWNSHIP B.O.E. (ESCNJ),DELAWARE TOWNSHIP SCHOOL - MAINTENANCE,23-020623-501NJ,3964.0,expired,2023-04-01,2024-03-31,jmunsey@dtsk8nj.org,semi-annually
177,DELAWARE TOWNSHIP B.O.E. (ESCNJ),DELAWARE TOWNSHIP SCHOOL - MAINTENANCE,24-0208-501NJ,3964.0,active,2024-04-01,2025-03-31,jmunsey@dtsk8nj.org,semi-annually
81,BLU DOT HQ,79 MADISON AVENUE - MAINTENANCE,22-020723-79NY,3850.0,expired,2023-03-01,2024-02-29,kweber@bludot.com,
518,"PURVES STREET OWNERS, LLC",44-30 PURVES STREET - THE FORGE - MAINTENANCE,23-110722-4430NY,3778.0,expired,2023-01-01,2023-12-31,jkaplan@gothamorg.com,
518,"PURVES STREET OWNERS, LLC",44-30 PURVES STREET - THE FORGE - MAINTENANCE,23-100423-4430NY,3778.0,expired,2024-01-01,2024-12-31,jkaplan@gothamorg.com,
518,"PURVES STREET OWNERS, LLC",44-30 PURVES STREET - THE FORGE - MAINTENANCE,24-082224-4430NY,3778.0,active,2025-01-01,2025-12-31,jkaplan@gothamorg.com,
185,DON BOSCO PREPARATORY HIGH SCHOOL,DON BOSCO PREPARATORY SCHOOL,23-011123-492NJ,3540.0,expired,2022-03-01,2023-02-28,mpender@donboscoprep.org,Contract says bill quarterly but paid in full in advance (March)
81,BLU DOT HQ,79 MADISON AVENUE,22-011322-79NY,3500.0,expired,2022-03-01,2023-02-28,kweber@bludot.com,
79,BLOOMFIELD JOINT VENTURE,650 BLOOMFIELD AVENUE,22-040422-650NJ,3350.0,expired,2022-04-01,2023-03-31,cary@symhellerdev.com,
959,NJ REGION AMERICAN RED CROSS,NJ REGION AMERICAN RED CROSS - MAINTENANCE,24-0829-707NJ,3290.0,active,2024-12-01,2025-11-30,,
1025,EAST HANOVER TOWNSHIP BOE (ESCNJ),EAST HANOVER TOWNSHIP BOE (ESCNJ) - MAINTENANCE,25-0423-477NJ-1LE,3238.0,active,2025-07-01,2026-06-30,,
848,NEW JERSEY CITY UNIVERSITY,NEW JERSEY CITY UNIVERSITY - MAINTENANCE,23-051523-2039NJ,3200.0,active,2023-08-01,2024-07-31,,
722,ZEINVEST REALESTATE GROUP,100 EAGLE ROCK - MAINTENANCE,24-0208-100NJ,3174.0,active,2024-04-01,2025-03-31,tina@zeinvest.net,"APR, OCT"
722,ZEINVEST REALESTATE GROUP,100 EAGLE ROCK - MAINTENANCE,22-040722-100NJ,3143.33,expired,2023-04-01,2024-03-31,tina@zeinvest.net,"APR, OCT"
315,HUGHES ENVIRONMENTAL,608 5TH AVE - TENANT,22-122921-608M-T,3135.6,expired,2022-01-01,2022-12-31,rtiemers@hughesenveng.com,
722,ZEINVEST REALESTATE GROUP,100 EAGLE ROCK,22-040722-100NJ,3066.67,expired,2022-04-01,2023-03-31,tina@zeinvest.net,
548,ROSELLE PARK B.O.E. (ESCNJ),ROSELLE PARK HIGH SCHOOL - MAINTENANCE,24-110524-185NJ7M,3055.0,active,2024-11-01,2025-06-30,wdenike@rpsd.org,
315,HUGHES ENVIRONMENTAL,MONTVILLE PUBLIC LIBRARY - MAINTENANCE,24-0422-14NJ,3005.0,active,2024-07-01,2025-06-30,,Semi-Annual
315,HUGHES ENVIRONMENTAL,MONTVILLE PUBLIC LIBRARY - MAINTENANCE,23-060223-14NJ,2917.5,expired,2023-07-01,2024-06-30,,Semi-Annual
107,BUIST INCORPORATED,ENDO PHARMACEUTICALS,22-032122-860NJ,2840.0,expired,2022-06-01,2023-05-31,paul@buistinc.com,Billed 1X / Year; not quarterly
315,HUGHES ENVIRONMENTAL,MONTVILLE PUBLIC LIBRARY - MAINTENANCE CONTRACT,23-041922-14NJ,2832.5,expired,2022-07-01,2023-06-30,,11/10/21 GS - Contract dates are wrong on the maint spreadsheet. First PM completed in Oct ok to bill in Nov per Steve I. Next billing will be Mar 2022 per Steve I.
138,CLIFTON BOARD OF EDUCATION (ESCNJ),CLIFTON EARLY LEARNING ACADEMY - MAINTENANCE,24-0524-CELBNJ,2150.5,active,2024-07-01,2025-06-30,edmaldonado@cliftonschools.net,
460,NEW JERSEY SPORTS & EXPOSITION AUTHORITY,NJ SPORTS & EXPOSITION AUTHORITY - MAINTENANCE,24-081824-1NJ,2027.81,expired,2024-08-01,2024-12-31,gbosco@njsea.com,
,65 CHALLENGER LLC,65 CHALLENGER ROAD,23-011023-65NJ,1360.0,expired,2021-03-01,2023-02-28,raynilian@kabrgroup.com,Billed in advance in April
631,THE PORT AUTH. OF NY&NJ BILL TO 120 ACADE,NEWARK LIBERTY INTERNATIONAL AIRPORT - MAINTENANCE,4600011683,0.0,expired,2018-08-01,2023-07-31,lsantana@panynj.gov,Annual contract price is based on if every item is billed in contract. Billing is the total for 2020 including PM & Service
594,STATE OF NJ DEPARTMENT OF TRANSPORTATION,NJ DOT - MAINTENANCE,19-GNSV2-00875,0.0,expired,2019-07-01,2023-06-30,naveen.penmetcha@dot.nj.gov,Should go on the blanket purchase order sheet 8761493
461,NEW JERSEY TURNPIKE AUTHORITY (NJTA),NEW JERSEY TURNPIKE AUTHORITY - MAINTENANCE,A500.525-1,0.0,active,2019-07-01,2024-01-23,,
156,COUNTY OF MORRIS,MORRIS COUNTY - MAINTENANCE,B20-158,0.0,active,2020-10-01,2024-09-30,mcpurchasing@co.morris.nj.us,B20-158 Building Temperature and Repair Services for Morris County
527,RAMAPO INDIAN HILLS REG. HIGH SCHOOL DIST,RAMAPO INDIAN HILLS - MAINTENANCE,,0.0,expired,2021-07-01,2023-06-30,jwright@rih.org,1/4/22 GS This is T&M only per Alexa
390,LODI B.O.E. (ESCNJ),LODI PUBLIC SCHOOLS - T&M ONLY,23-050622-8NJ,0.0,expired,2022-07-01,2023-06-30,,
121,CBRE PROPERTY MANAGEMENT,CBRE PROPERTY MANAGEMENT - MAINTENANCE,,0.0,expired,2023-07-01,2024-06-30,,
390,LODI B.O.E. (ESCNJ),LODI PUBLIC SCHOOLS - T&M ONLY - MAINTENANCE,23-050223-8NJ,0.0,expired,2023-07-01,2024-06-30,rosalia.mykietyn@lodi.k12.nj.us,
527,RAMAPO INDIAN HILLS REG. HIGH SCHOOL DIST,RAMAPO INDIAN HILLS - MAINTENANCE,,0.0,active,2023-07-01,2024-06-30,jwright@rih.org,1/4/22 GS This is T&M only per Alexa
385,LINCOLN CENTER FOR THE PERFORMING ARTS,CENTRAL MECHANICAL PLANT - MAINTENANCE,,0.0,expired,2023-09-01,2024-08-31,,
633,THE PORT AUTHORITY OF NY & NJ (CUST),THE PORT AUTHORITY OF NY & NJ (CUST) - MAINTENANCE,,0.0,expired,2024-03-01,2025-02-28,,
157,COUNTY OF ORANGE NY,LOT #2 FOR THE MIDDLE TOWN COMMUNITY CAMPUS - MAINTENANCE,,0.0,expired,2025-01-01,2025-03-31,bconklin@orangecountygov.com,"1500 per PM
8 total PM's
12000"
633,THE PORT AUTHORITY OF NY & NJ (CUST),THE PORT AUTHORITY OF NY & NJ (CUST) - MAINTENANCE,6000001879,0.0,active,2025-03-01,2026-02-28,,
157,COUNTY OF ORANGE NY,LOT #2 FOR THE MIDDLE TOWN COMMUNITY CAMPUS - MAINTENANCE,,0.0,active,2025-04-01,2027-03-31,bconklin@orangecountygov.com,"1500 per PM
8 total PM's
12000"
