id,legacy_customer_id,company_name,site_nickname,site_number,mailing_address,mailing_city,mailing_state,mailing_zip,primary_contact_email,primary_contact_name,primary_contact_phone,secondary_contact_email,secondary_contact_name,secondary_contact_phone,service_tier,system_platform,has_active_contracts,total_contract_value,primary_technician_id,secondary_technician_id,best_arrival_time,access_notes,site_hazards,special_instructions,created_at,updated_at,created_by,updated_by,last_job_numbers,last_visit_by,last_visit_date,site_experience,handoff_notes,best_arrival_times,poc_name,poc_phone,poc_available_hours,backup_contact,access_approach,common_access_issues,scheduling_notes,completion_status,commissioning_notes,known_issues,documentation_score,original_team_contact,original_team_role,original_team_info,when_to_contact_original,contract_number,contract_status,latest_contract_email
00151430-f692-4422-9e00-501a715cac47,921,HIGHLAND INDUSTRIAL BUILDINGS,HIGHLAND INDUSTRIAL BUILDINGS,,1055 ROUTE 9 SOUTH,OLD BRIDGE,NJ,8857,,,,,,,CORE,,false,0.00,,,,,,,2025-09-23 01:12:07.559888+00,2025-09-23 01:12:07.559888+00,,,,,,,,,,,,,,,,,,,0,,,,,,,
0087baa7-47f1-45e4-9b2a-c72d2c97858b,285,"HANNA'S MECHANICAL CONTRACTORS, INC.","HANNA'S MECHANICAL CONTRACTORS, INC.",,44 NORTH MAIN STREET,MILLTOWN,NJ,8850,,,,,,,CORE,,false,0.00,,,,,,,2025-09-23 01:09:10.612937+00,2025-09-23 01:09:10.612937+00,,,,,,,,,,,,,,,,,,,0,,,,,,,
009c4a32-d636-4e56-9a04-a7d1410dda61,290,HAVERSTRAW MIDDLE & HIGH SCHOOL,HAVERSTRAW MIDDLE & HIGH SCHOOL,,80 WEST ROUTE 9W,HAVERSTRAW,NY,10927,,,,,,,CORE,,false,0.00,,,,,,,2025-09-23 01:12:07.559888+00,2025-09-23 01:12:07.559888+00,,,,,,,,,,,,,,,,,,,0,,,,,,,
00e71d5b-711f-45b0-ba26-1d5c109b8866,325,JONES CONTRACTING INC.,JONES CONTRACTING INC.,,6 FLEETWOOD PLACE,FORDS,NJ,8863,,,,,,,CORE,,false,0.00,,,,,,,2025-09-23 01:12:07.559888+00,2025-09-23 01:12:07.559888+00,,,,,,,,,,,,,,,,,,,0,,,,,,,
019f5709-ca10-45ea-a448-581bbf2d7dbf,890,"JJ MECHANICAL SERVICES, LLC","JJ MECHANICAL SERVICES, LLC",,"66 SCHOOL STREET, UNIT A",GLEN COVE,NY,11542,,,,,,,CORE,,false,0.00,,,,,,,2025-09-23 01:12:07.559888+00,2025-09-23 01:12:07.559888+00,,,,,,,,,,,,,,,,,,,0,,,,,,,
0299d75f-87d6-4a97-93ef-0e12136e23e9,746,BELLEVILLE BOARD OF EDUCATION (ESCNJ),BELLEVILLE BOARD OF EDUCATION (ESCNJ),,56 RALPH STREET,BELLEVILLE,NJ,7109,renato.peralta@bellevilleschools.org,,,,,,CORE,,true,8005.00,,,,,,,2025-09-23 00:54:18.245539+00,2025-09-23 00:54:18.245539+00,,,,,,,,,,,,,,,,,,,0,,,,,23-030623-279NJ,active,renato.peralta@bellevilleschools.org
03ede695-f790-4aa5-aa93-92e6031557b4,893,L-CADE,L-CADE,,"3605 CHAIN BRIDGE ROAD, SUITE 401",FAIRFAX,VA,22030,,,,,,,CORE,,false,0.00,,,,,,,2025-09-23 01:12:07.559888+00,2025-09-23 01:12:07.559888+00,,,,,,,,,,,,,,,,,,,0,,,,,,,
04199f64-ffaf-439a-b501-e1ab6e3946ce,784,241 W 28TH STREET LLC,241 W 28TH STREET LLC,,243 WEST 28TH STREET,NEW YORK,NY,10001,,,,,,,CORE,,true,0.00,,,,,,,2025-09-23 00:54:18.245539+00,2025-09-23 00:54:18.245539+00,,,,,,,,,,,,,,,,,,,0,,,,,,,
04d25673-d25d-4634-969e-aec1ce91aa5a,268,GOYETTE MECHANICAL,GOYETTE MECHANICAL,,3842 GOREY AVE.,FLINT,MI,48501,,,,,,,CORE,,false,0.00,,,,,,,2025-09-23 01:09:10.612937+00,2025-09-23 01:09:10.612937+00,,,,,,,,,,,,,,,,,,,0,,,,,,,
06ce44eb-0399-4f43-972d-c36eeb77da49,295,HILLSIDE SCHOOL DISTRICT (ESCNJ),HILLSIDE SCHOOL DISTRICT (ESCNJ),,1401 GLEN TERRACE,HILLSIDE,NJ,7205,,,,,,,CORE,,false,0.00,,,,,,,2025-09-23 01:12:07.559888+00,2025-09-23 01:12:07.559888+00,,,,,,,,,,,,,,,,,,,0,,,,,,,
07c44212-335d-4374-bf49-640cc0809623,755,FLEMINGTON-RARITAN REG SCHL DIST (ESCNJ),FLEMINGTON-RARITAN REG SCHL DIST (ESCNJ),,50 COURT STREET,FLEMINGTON,NJ,8822,,,,,,,CORE,,false,0.00,,,,,,,2025-09-23 01:09:10.612937+00,2025-09-23 01:09:10.612937+00,,,,,,,,,,,,,,,,,,,0,,,,,,,
082bd714-c122-4c96-a7a8-6c9d0a57840d,74,BERNARDS TOWNSHIP B.O.E. (ESCNJ),BERNARDS TOWNSHIP B.O.E. (ESCNJ),,101 PEACHTREE ROAD,BASKING RIDGE,NJ,7920,,,,,,,CORE,,false,0.00,,,,,,,2025-09-23 00:54:18.245539+00,2025-09-23 00:54:18.245539+00,,,,,,,,,,,,,,,,,,,0,,,,,,,
0854c65d-0cca-4d70-afe8-be1b111fa14f,187,DONNELLY MECHANICAL CORP.,DONNELLY MECHANICAL CORP.,,96-59 222ND STREET,QUEENS VILLAGE,NY,11429,,,,,,,CORE,,false,0.00,,,,,,,2025-09-23 01:06:48.926422+00,2025-09-23 01:06:48.926422+00,,,,,,,,,,,,,,,,,,,0,,,,,,,
08837775-0b8c-404a-8efe-458d1ba11362,992,BOROUGH OF RUTHERFORD,BOROUGH OF RUTHERFORD,,176 PARK AVE,RUTHERFORD,NJ,7070,,,,,,,CORE,,false,0.00,,,,,,,2025-09-23 00:54:18.245539+00,2025-09-23 00:54:18.245539+00,,,,,,,,,,,,,,,,,,,0,,,,,,,
09948389-b849-4837-ad54-26d8ffa98956,791,CropOne,CropOne,,725 MAIN STREET,MILLIS-CLICQUOT,MA,2054,,,,,,,CORE,,false,0.00,,,,,,,2025-09-23 00:58:17.545531+00,2025-09-23 01:05:10.444587+00,,,,,,,,,,,,,,,,,,,0,,,,,,,
0aa4308e-6f55-45a1-865b-eff76288f9fb,775,"CUSHMAN & WAKEFIELD, INC. (FISERV)","CUSHMAN & WAKEFIELD, INC. (FISERV)",,575 MARYVILLE CENTRE DRIVE,TOWN AND COUNTRY,MO,63141,,,,,,,CORE,,true,30691.80,,,,,,,2025-09-23 00:58:17.545531+00,2025-09-23 01:05:10.444587+00,,,,,,,,,,,,,,,,,,,0,,,,,22-031022-650NY; 23-0140423-650NY,active; expired,
0af889d8-52e8-4da0-a844-2eac403e0c83,875,DOBBS FERRY UFSD (ED-DATA),DOBBS FERRY UFSD (ED-DATA),,505 BROADWAY,DOBBS FERRY,NY,10522,,,,,,,CORE,,true,10661.00,,,,,,,2025-09-23 00:58:17.545531+00,2025-09-23 01:06:48.926422+00,,,,,,,,,,,,,,,,,,,0,,,,,24-0207-505NY; 24-0524-DFNJ; 25-0516-DFNJ,active; expired,
0bbd4ce3-1b57-48e5-86a6-76379970892f,20,7 AND 9 ROSZEL ROAD LLC,7 AND 9 ROSZEL ROAD LLC,,"C/O CBRE, INC.",PRINCETON,NJ,08540-6287,gregory.ginis@cbre.com,,,,,,CORE,,true,9938.00,,,,,,,2025-09-23 00:43:14.58878+00,2025-09-23 00:43:14.58878+00,,,,,,,,,,,,,,,,,,,0,,,,,22-042022-79NJ-B7,active,gregory.ginis@cbre.com
0c4f1753-0283-405d-a650-ba9787478e9d,241,FIRST GOAL HEATING & COOLING,FIRST GOAL HEATING & COOLING,,271 EAST BLACKWELL ST,DOVER,NJ,7801,,,,,,,CORE,,false,0.00,,,,,,,2025-09-23 01:09:10.612937+00,2025-09-23 01:09:10.612937+00,,,,,,,,,,,,,,,,,,,0,,,,,,,
0cbcb015-5595-4f63-9762-9e96405eb357,929,"ENERGY TRANSFER SOLUTIONS, LLC","ENERGY TRANSFER SOLUTIONS, LLC",,"1220 WARD AVE, SUITE 300",WEST CHESTER,PA,19380,,,,,,,CORE,,false,0.00,,,,,,,2025-09-23 01:06:48.926422+00,2025-09-23 01:06:48.926422+00,,,,,,,,,,,,,,,,,,,0,,,,,,,
0df0f62a-c0df-4638-980a-e7674aad9f0d,198,EAST CONSTRUCTION CORP.,EAST CONSTRUCTION CORP.,,28 CLIFF AVE.,YONKERS,NY,10705,,,,,,,CORE,,false,0.00,,,,,,,2025-09-23 01:06:48.926422+00,2025-09-23 01:06:48.926422+00,,,,,,,,,,,,,,,,,,,0,,,,,,,
0fd6ed7b-2d04-4d2f-af2e-fac8071bc627,1002,AME INC 1,AME INC 1,,1275 Bloomfield Ave STE 17B BLDG 2,Fairfield,NJ,7004,steve@ame-inc.com,,,,,,CORE,,true,25000.00,,,,,,,2025-09-23 00:43:14.58878+00,2025-09-23 00:43:14.58878+00,,,,,,,,,,,,,,,,,,,0,,,,,2025-1,active,steve@ame-inc.com
10115c0b-3d63-455b-a866-746ff2ca7d97,213,ENCON MECHANICAL,ENCON MECHANICAL,,P.O. BOX 2293,OCEAN TOWNSHIP,NJ,7712,,,,,,,CORE,,false,0.00,,,,,,,2025-09-23 01:06:48.926422+00,2025-09-23 01:06:48.926422+00,,,,,,,,,,,,,,,,,,,0,,,,,,,
109a376b-f3da-469d-868a-f8d9bc87ecbd,1023,"JOHN WILEY & SONS, INC.","JOHN WILEY & SONS, INC.",,111 RIVER STREET,HOBOKEN,NJ,7030,,,,,,,CORE,,false,0.00,,,,,,,2025-09-23 01:12:07.559888+00,2025-09-23 01:12:07.559888+00,,,,,,,,,,,,,,,,,,,0,,,,,,,
10a7422a-2465-42c5-9371-abf5ff542523,153,CORE FACILITIES SERVICES LLC.,CORE FACILITIES SERVICES LLC.,,150 EAST 42ND STREET 7TH FLOOR,NEW YORK,NY,10017,,,,,,,CORE,,true,64139.60,,,,,,,2025-09-23 00:58:17.545531+00,2025-09-23 01:05:10.444587+00,,,,,,,,,,,,,,,,,,,0,,,,,23-071223-620NJ; 23-072822-32NJ,active; expired,
10c463f1-c784-4934-b773-49a6e60b456e,856,CARL WALKER CONSTRUCTION,CARL WALKER CONSTRUCTION,,935 VISTA DRIVE,PITTSBURGH,PA,15205,,,,,,,CORE,,false,0.00,,,,,,,2025-09-23 00:54:18.245539+00,2025-09-23 01:05:10.444587+00,,,,,,,,,,,,,,,,,,,0,,,,,,,
120a818c-4f87-48a0-abe9-fcee5475b243,262,GILBANE BUILDING CO.,GILBANE BUILDING CO.,,"120 ALBANY ST., SUITE 301",NEW BRUNSWICK,NJ,8901,,,,,,,CORE,,false,0.00,,,,,,,2025-09-23 01:09:10.612937+00,2025-09-23 01:09:10.612937+00,,,,,,,,,,,,,,,,,,,0,,,,,,,
127d7df8-4698-4cb9-a8bc-66ac92b9f803,314,INROADS TECHNOLOGY,INROADS TECHNOLOGY,,2 Sheraton Plaza,Ho-Ho-Kus,NJ,7423,,,,,,,CORE,,false,0.00,,,,,,,2025-09-23 01:12:07.559888+00,2025-09-23 01:12:07.559888+00,,,,,,,,,,,,,,,,,,,0,,,,,,,
1322f214-c96b-4a6e-a52b-e1da06f87432,320,JA-MAR AIR CONDITIONING & HEATING,JA-MAR AIR CONDITIONING & HEATING,,52 WEST BLACKWELL STREET,DOVER,NJ,7801,,,,,,,CORE,,false,0.00,,,,,,,2025-09-23 01:12:07.559888+00,2025-09-23 01:12:07.559888+00,,,,,,,,,,,,,,,,,,,0,,,,,,,
13619a14-1934-437f-b4f0-45a9250640aa,737,AMNEAL PHARMACEUTICALS,AMNEAL PHARMACEUTICALS,,1 NEW ENGLAND AVENUE,PISCATAWAY,NJ,8854,priyeshkumar.shah@amneal.com,,,,,,CORE,,false,0.00,,,,,,,2025-09-23 00:54:18.245539+00,2025-09-23 00:54:18.245539+00,,,,,,,,,,,,,,,,,,,0,,,,,,,
1430ff3c-5ef9-4677-8c5c-b8c4380cdaec,210,EMERSON BOARD OF EDUCATION (ESCNJ),EMERSON BOARD OF EDUCATION (ESCNJ),,133 MAIN STREET,EMERSON,NJ,7630,,,,,,,CORE,,false,0.00,,,,,,,2025-09-23 01:06:48.926422+00,2025-09-23 01:06:48.926422+00,,,,,,,,,,,,,,,,,,,0,,,,,,,
144bc13c-1753-45e2-ae61-e0ef11139167,78,BLOOMFIELD BOARD OF EDUCATION,BLOOMFIELD BOARD OF EDUCATION,,155 BROAD STREET,BLOOMFIELD,NJ,7003,,,,,,,CORE,,false,0.00,,,,,,,2025-09-23 00:54:18.245539+00,2025-09-23 00:54:18.245539+00,,,,,,,,,,,,,,,,,,,0,,,,,,,
1555bfd2-6ae0-424d-b718-21b378ad8a52,177,DELAWARE TOWNSHIP B.O.E. (ESCNJ),DELAWARE TOWNSHIP B.O.E. (ESCNJ),,501 ROSEMONT-RINGOES ROAD,SEGEANTSVILLE,NJ,8857,jmunsey@dtsk8nj.org,,,,,,CORE,,true,3964.00,,,,,,,2025-09-23 00:58:17.545531+00,2025-09-23 01:05:10.444587+00,,,,,,,,,,,,,,,,,,,0,,,,,23-020623-501NJ; 24-0208-501NJ,active; expired,jmunsey@dtsk8nj.org
173c3b77-f058-491b-aa98-30c93dd2629a,979,"ASCENDIA PHARMACEUTICALS, INC.","ASCENDIA PHARMACEUTICALS, INC.",,661 US-1,NORTH BRUNSWICK,NJ,8902,,,,,,,CORE,,false,0.00,,,,,,,2025-09-23 00:54:18.245539+00,2025-09-23 00:54:18.245539+00,,,,,,,,,,,,,,,,,,,0,,,,,,,
175ef4a7-dbb9-48d6-9271-3f6349e7ca21,72,BENMAR AIR CONDITIONING LLC,BENMAR AIR CONDITIONING LLC,,65 CLIFTON BOULEVARD,CLIFTON,NJ,7015,,,,,,,CORE,,true,4975.00,,,,,,,2025-09-23 00:54:18.245539+00,2025-09-23 00:54:18.245539+00,,,,,,,,,,,,,,,,,,,0,,,,,25-0213-1401NJ-1LE,active,
17928296-8693-49c9-84b3-142f8498ed2c,182,DLS MECHANICAL & MAINTENANCE CORP,DLS MECHANICAL & MAINTENANCE CORP,,275 JERICHO TURNPIKE,FLORAL PARK,NY,11001,,,,,,,CORE,,false,0.00,,,,,,,2025-09-23 00:58:17.545531+00,2025-09-23 01:06:48.926422+00,,,,,,,,,,,,,,,,,,,0,,,,,,,
17cdff0c-4ca7-4208-b587-fbac32afb4ca,1050,BROOKLYN BOTANIC GARDEN,BROOKLYN BOTANIC GARDEN,,1000 WASHINGTON AVENUE C/O GARDINER & THEOBALD INC. (G&T),BROOKLYN,NY,11225,,,,,,,CORE,,false,0.00,,,,,,,2025-09-23 00:54:18.245539+00,2025-09-23 00:54:18.245539+00,,,,,,,,,,,,,,,,,,,0,,,,,,,
18ca4362-f6bd-4b60-9171-110ed6418c75,804,"EAST 77TH OWNERS, INC.","EAST 77TH OWNERS, INC.",,435 EAST 77TH STREET,NEW YORK,NY,10075,,,,,,,CORE,,false,0.00,,,,,,,2025-09-23 01:06:48.926422+00,2025-09-23 01:06:48.926422+00,,,,,,,,,,,,,,,,,,,0,,,,,,,
19021371-0185-4a35-ab75-80ca94eb587c,180,DELL-TECH INC.,DELL-TECH INC.,,930 NEW YORK AVE.,TRENTON,NJ,8638,,,,,,,CORE,,false,0.00,,,,,,,2025-09-23 00:58:17.545531+00,2025-09-23 01:06:48.926422+00,,,,,,,,,,,,,,,,,,,0,,,,,,,
1a762c44-9a29-4e0f-a5f3-89f713c699a8,100,BRONX HEALTHCARE,BRONX HEALTHCARE,,1650 GRAND CONCOURSE,BRONX,NY,10457,,,,,,,CORE,,false,0.00,,,,,,,2025-09-23 00:54:18.245539+00,2025-09-23 00:54:18.245539+00,,,,,,,,,,,,,,,,,,,0,,,,,,,
1c78bf79-85b2-4226-8490-b69fbeeaad85,172,D.P.  WOLFF INC.,D.P.  WOLFF INC.,,"2 WESTCHESTER PLAZA, SUITE 160",ELMSFORD,NY,10523,,,,,,,CORE,,false,0.00,,,,,,,2025-09-23 01:06:48.926422+00,2025-09-23 01:06:48.926422+00,,,,,,,,,,,,,,,,,,,0,,,,,,,
1d785481-5d54-4090-ac51-dc17fc8b4e6e,832,GARDNER PUBLIC SCHOOLS,GARDNER PUBLIC SCHOOLS,,95 PLEASANT STREET,GARDNER,MA,1440,,,,,,,CORE,,false,0.00,,,,,,,2025-09-23 01:09:10.612937+00,2025-09-23 01:09:10.612937+00,,,,,,,,,,,,,,,,,,,0,,,,,,,
1d8639e2-43b4-4e06-a2f2-f981d69b69d8,286,HARBOUR MECHANICAL CORP.,HARBOUR MECHANICAL CORP.,,1332 CLINTON STREET,HOBOKEN,NJ,7030,,,,,,,CORE,,false,0.00,,,,,,,2025-09-23 01:09:10.612937+00,2025-09-23 01:09:10.612937+00,,,,,,,,,,,,,,,,,,,0,,,,,,,
1ec6c624-9946-4101-ab37-f00ef94f9d9c,38,AIR SYSTEMS MAINTENANCE INC.,AIR SYSTEMS MAINTENANCE INC.,,718 JEFFERSON AVENUE,KENILWORTH,NJ,7033,,,,,,,CORE,,true,0.00,,,,,,,2025-09-23 00:54:18.245539+00,2025-09-23 00:54:18.245539+00,,,,,,,,,,,,,,,,,,,0,,,,,24-0223-777NY,expired,
21301431-3e88-423c-897b-42b6d8d6fcfe,148,COMPUTERCOOL ICEAGE MECHANICAL CORP,COMPUTERCOOL ICEAGE MECHANICAL CORP,,58-75 57TH ROAD,MASPETH,NY,11378,,,,,,,CORE,,false,0.00,,,,,,,2025-09-23 00:58:17.545531+00,2025-09-23 01:05:10.444587+00,,,,,,,,,,,,,,,,,,,0,,,,,,,
217c9764-f946-4651-a762-0ea30367570a,113,"C. DOUGHERTY & CO., INC.","C. DOUGHERTY & CO., INC.",,7 WASHINGTON AVE.,PATERSON,NJ,7503,,,,,,,CORE,,false,0.00,,,,,,,2025-09-23 00:54:18.245539+00,2025-09-23 00:54:18.245539+00,,,,,,,,,,,,,,,,,,,0,,,,,,,
21ebf304-9220-41d4-95d8-f4d69b2093e3,964,CHUGACH CONSOLIDATED SOLUTIONS LLC,CHUGACH CONSOLIDATED SOLUTIONS LLC,,"3800 CENTERPOINT DR, SUITE #800",ANCHORAGE,AK,99503,,,,,,,CORE,,false,0.00,,,,,,,2025-09-23 00:58:17.545531+00,2025-09-23 01:05:10.444587+00,,,,,,,,,,,,,,,,,,,0,,,,,,,
22c45b41-501c-4159-afb5-07c669aa020e,79,BLOOMFIELD JOINT VENTURE,BLOOMFIELD JOINT VENTURE,,76 SOUTH ORANGE AVENUE,SOURTH ORANGE,NJ,7079,cary@symhellerdev.com,,,,,,CORE,,false,0.00,,,,,,,2025-09-23 00:54:18.245539+00,2025-09-23 00:54:18.245539+00,,,,,,,,,,,,,,,,,,,0,,,,,22-040422-650NJ,expired,
23295cde-00da-4162-93c0-38ff585487ac,223,"EPIC MECHANICAL CONTRACTORS, LLC","EPIC MECHANICAL CONTRACTORS, LLC",,76-78 MALL DRIVE,COMMACK,NY,11725,,,,,,,CORE,,false,0.00,,,,,,,2025-09-23 01:06:48.926422+00,2025-09-23 01:06:48.926422+00,,,,,,,,,,,,,,,,,,,0,,,,,,,
23ceeccc-9ace-4f2c-937d-b90277e35084,251,FREDON TOWNSHIP B.O.E. (ESCNJ),FREDON TOWNSHIP B.O.E. (ESCNJ),,459 ROUTE 94,NEWTON,NJ,7860,,,,,,,CORE,,false,0.00,,,,,,,2025-09-23 01:09:10.612937+00,2025-09-23 01:09:10.612937+00,,,,,,,,,,,,,,,,,,,0,,,,,,,
246e7b1d-7a96-49ca-ad4b-696cee9a6bfa,11,"220 CAP, LLC","220 CAP, LLC",,260 CENTENNIAL AVE.,PISCATAWAY,NJ,8854,,,,,,,CORE,,false,0.00,,,,,,,2025-09-23 00:54:18.245539+00,2025-09-23 00:54:18.245539+00,,,,,,,,,,,,,,,,,,,0,,,,,,,
2570cc67-2f0d-4755-ad31-4ec5272b18ad,766,"CCI CONSTRUCTION, INC.","CCI CONSTRUCTION, INC.",,70 CHESTNUT RIDGE ROAD,MONTVALE,NJ,7645,www.cci-construction.com,,,,,,CORE,,false,0.00,,,,,,,2025-09-23 00:54:18.245539+00,2025-09-23 01:05:10.444587+00,,,,,,,,,,,,,,,,,,,0,,,,,,,
26c258ab-4d69-4652-b275-03f2bcc5e103,5,10 SULLIVAN STREET CONDOMINIUM,10 SULLIVAN STREET CONDOMINIUM,,C/O SOLSTICE RESIDENTIAL GROUP LLC,NEW YORK,NY,10004,jimmy10sullivan@gmail.com,,,,,,CORE,,true,5407.00,,,,,,,2025-09-23 00:43:14.58878+00,2025-09-23 00:43:14.58878+00,,,,,,,,,,,,,,,,,,,0,,,,,23-021323-10NY,active,jimmy10sullivan@gmail.com
283a74a0-f5b5-48ef-95bb-7e27d8e4491d,827,35 WEST 36TH STREET CONDOMINIUM,35 WEST 36TH STREET CONDOMINIUM,,35 WEST 36TH STREET,NEW YORK,NY,10018,,,,,,,CORE,,false,0.00,,,,,,,2025-09-23 00:54:18.245539+00,2025-09-23 00:54:18.245539+00,,,,,,,,,,,,,,,,,,,0,,,,,,,
2ab2b145-64bd-477e-8b00-cab88e7cdcec,169,CWP- NYC PROPERTY MGT SERVICES,CWP- NYC PROPERTY MGT SERVICES,,787 SEVENTH AVENUE,NEW YORK,NY,10019,pnaughton@cwp-ms.com,,,,,,CORE,,true,34900.00,,,,,,,2025-09-23 00:58:17.545531+00,2025-09-23 01:05:10.444587+00,,,,,,,,,,,,,,,,,,,0,,,,,23-120122-787NY,active,pnaughton@cwp-ms.com
2e77c227-d194-4370-ab18-482a03af756c,1048,"CORPORATE COMMONS THREE, LLC","CORPORATE COMMONS THREE, LLC",,1110 SOUTH AVE,STATEN ISLAND,NY,10314,,,,,,,CORE,,true,27530.16,,,,,,,2025-09-23 00:58:17.545531+00,2025-09-23 01:05:10.444587+00,,,,,,,,,,,,,,,,,,,0,,,,,25-0428-1441NY-3LE,active,
2eadbdc9-74c5-4a9e-8702-b9f830ea9c1c,58,BELL WORKS,BELL WORKS,,101 CRAWFORDS CORNER ROAD,HOLMDEL,NJ,7733,facilities@bellworks.com,,,,,,GUARDIAN,,true,125000.00,,,,,,,2025-09-23 00:43:14.58878+00,2025-09-23 00:43:14.58878+00,,,,,,,,,,,,,,,,,,,0,,,,,23-040123-101NJ,active,facilities@bellworks.com
2f32f6b1-4bf1-483b-bd0b-06ea79e40ac3,10,2 RECTOR STREET(NY)LLC,2 RECTOR STREET(NY)LLC,,"JLL MANAGEMENT OFFICE,",NEW YORK,NY,10006,christopher.gildea@am.jll.com,,,,,,CORE,,false,0.00,,,,,,,2025-09-23 00:54:18.245539+00,2025-09-23 00:54:18.245539+00,,,,,,,,,,,,,,,,,,,0,,,,,22-050122-101NY,expired,
2f53a89c-ddb3-45ef-b25c-493fa967b0c4,951,FRANKLIN BOROUGH BOARD OF EDUCATION,FRANKLIN BOROUGH BOARD OF EDUCATION,,50 WASHINGTON AVE,FRANKLIN,NJ,7416,,,,,,,CORE,,true,18480.00,,,,,,,2025-09-23 01:09:10.612937+00,2025-09-23 01:09:10.612937+00,,,,,,,,,,,,,,,,,,,0,,,,,24-0506-50NJ; 25-0506-50NJ,active; expired,
3162c848-3e8b-4925-998e-2fa895e2afd4,301,HOWELL BOARD OF EDUCATION (ESCNJ),HOWELL BOARD OF EDUCATION (ESCNJ),,3026 YELLOW BROOK ROAD,FARMINGDALE,NJ,7727,,,,,,,CORE,,false,0.00,,,,,,,2025-09-23 01:12:07.559888+00,2025-09-23 01:12:07.559888+00,,,,,,,,,,,,,,,,,,,0,,,,,,,
31846b43-03b1-472f-bc3e-51e2370c5352,811,"COASTAL AIR CONDITIONING, INC.","COASTAL AIR CONDITIONING, INC.",,6 PHYLLIS STREET,HAZLET,NJ,7730,,,,,,,CORE,,false,0.00,,,,,,,2025-09-23 00:58:17.545531+00,2025-09-23 01:05:10.444587+00,,,,,,,,,,,,,,,,,,,0,,,,,,,
322bcb50-0daf-4a85-b09e-71e87150c6da,1064,Clayco Inc.,Clayco Inc.,,2398 East Camelback Road,Phoenix,AZ,85016,,,,,,,CORE,,false,0.00,,,,,,,2025-09-23 00:58:17.545531+00,2025-09-23 01:05:10.444587+00,,,,,,,,,,,,,,,,,,,0,,,,,,,
335284c6-65dc-46f0-a345-87aad4ed5c1a,902,ALEXANDRIA TOWNSHIP BOE (ESCNJ),ALEXANDRIA TOWNSHIP BOE (ESCNJ),,557 COUNTY ROAD 513,PITTSTOWN,NJ,8867,,,,,,,CORE,,true,5071.50,,,,,,,2025-09-23 00:43:14.58878+00,2025-09-23 00:43:14.58878+00,,,,,,,,,,,,,,,,,,,0,,,,,23-1212-557NJ,active,
3458584a-cb56-45bf-bb52-725c46cf660f,224,"EPIC MECHANICAL, INC.","EPIC MECHANICAL, INC.",,3320 ROUTE 66,NEPTUNE,NJ,7753,,,,,,,CORE,,false,0.00,,,,,,,2025-09-23 01:09:10.612937+00,2025-09-23 01:09:10.612937+00,,,,,,,,,,,,,,,,,,,0,,,,,,,
350518b4-ad31-4ef1-8c45-2a974bd98514,56,ATLANTIC CITY ELECTRIC COMPANY,ATLANTIC CITY ELECTRIC COMPANY,,92 PEOPLES PLAZA,NEWARK,DE,19702,,,,,,,CORE,,false,0.00,,,,,,,2025-09-23 00:43:14.58878+00,2025-09-23 00:43:14.58878+00,,,,,,,,,,,,,,,,,,,0,,,,,,,
369351df-4071-4899-b0bc-6f0bc6a45116,849,HAMILTON TOWNSHIP BOE (ESCNJ),HAMILTON TOWNSHIP BOE (ESCNJ),,90 PARK AVENUE,HAMILTON,NJ,8690,,,,,,,CORE,,false,0.00,,,,,,,2025-09-23 01:09:10.612937+00,2025-09-23 01:09:10.612937+00,,,,,,,,,,,,,,,,,,,0,,,,,,,
3899fe8c-f70a-4809-9e83-83452933800e,9,180 RIVER JV LLC,180 RIVER JV LLC,,"c/o SAXUM REAL ESTATE - 359 SPRINGFIELD AVE, FL. 2",SUMMIT,NJ,7901,,,,,,,CORE,,false,0.00,,,,,,,2025-09-23 00:54:18.245539+00,2025-09-23 00:54:18.245539+00,,,,,,,,,,,,,,,,,,,0,,,,,,,
38ea5906-cc32-4640-a2b2-9dd8363f981a,967,"ESTOCK PIPING CO., LLC","ESTOCK PIPING CO., LLC",,569 CHESTERFIELD-ARNEYTOWN ROAD,CHESTERFIELD,NJ,8515,,,,,,,CORE,,false,0.00,,,,,,,2025-09-23 01:09:10.612937+00,2025-09-23 01:09:10.612937+00,,,,,,,,,,,,,,,,,,,0,,,,,,,
3a1cdd31-af59-4107-9d7e-925160c2aefc,874,CRESSKILL BOARD OF EDUCATION (ESCNJ),CRESSKILL BOARD OF EDUCATION (ESCNJ),,15 BROOKSIDE AVE,CRESSKILL,NJ,7626,tschillaci@cresskillnj.net,,,,,,CORE,,false,0.00,,,,,,,2025-09-23 00:58:17.545531+00,2025-09-23 01:05:10.444587+00,,,,,,,,,,,,,,,,,,,0,,,,,,,
3a9183bb-e070-4a2e-ac05-5a22721adbb0,95,BRIAN TREMATORE PLUMBING & HEATING,BRIAN TREMATORE PLUMBING & HEATING,,5 DANIEL ROAD EAST,FAIRFIELD,NJ,7004,,,,,,,CORE,,false,0.00,,,,,,,2025-09-23 00:54:18.245539+00,2025-09-23 00:54:18.245539+00,,,,,,,,,,,,,,,,,,,0,,,,,,,
3b55d09c-dad7-473e-8472-0aaaa5139dab,821,GRAMERCY SQUARE CONDOMINIUM,GRAMERCY SQUARE CONDOMINIUM,,"25 EAST 21ST STREET
c/o DOUGLAS ELLIMAN PROPERTY MANAGEMENT",New York,NY,10010,,,,,,,CORE,,false,0.00,,,,,,,2025-09-23 01:09:10.612937+00,2025-09-23 01:09:10.612937+00,,,,,,,,,,,,,,,,,,,0,,,,,,,
3bd773a5-5bb5-4b2a-8e3f-08a849dc608a,212,"EMY SOLUTIONS, LLC","EMY SOLUTIONS, LLC",,19 SUMMERFIELD BLVD.,DAYTON,NJ,8810,,,,,,,CORE,,false,0.00,,,,,,,2025-09-23 01:06:48.926422+00,2025-09-23 01:06:48.926422+00,,,,,,,,,,,,,,,,,,,0,,,,,,,
3be8c93b-63b1-4430-ac84-fb520fd7f317,208,EMCOR SERVICES NY/NJ,EMCOR SERVICES NY/NJ,,"245 Newtown Road, Suite 305",Plainview,NY,11803,,,,,,,CORE,,false,0.00,,,,,,,2025-09-23 01:06:48.926422+00,2025-09-23 01:06:48.926422+00,,,,,,,,,,,,,,,,,,,0,,,,,,,
3c64a9aa-19ee-4464-ac49-72696c5254be,306,"I HEAT AND AIR MECHANICAL CONTRACTING, I","I HEAT AND AIR MECHANICAL CONTRACTING, I",,100 FAIRCHILD AVE.,PLAINVIEW,NY,11803,,,,,,,CORE,,false,0.00,,,,,,,2025-09-23 01:12:07.559888+00,2025-09-23 01:12:07.559888+00,,,,,,,,,,,,,,,,,,,0,,,,,,,
3c844f5b-85e5-42e6-b06b-d3fe200cb42d,860,FRANKOSKI CONSTRUCTION,FRANKOSKI CONSTRUCTION,,314 DODD STREET,EAST ORANGE,NJ,7017,,,,,,,CORE,,false,0.00,,,,,,,2025-09-23 01:09:10.612937+00,2025-09-23 01:09:10.612937+00,,,,,,,,,,,,,,,,,,,0,,,,,,,
3e30a5e4-3ace-4711-b20e-affd6087e37b,321,JACKSON BOARD OF EDUCATION (ESCNJ),JACKSON BOARD OF EDUCATION (ESCNJ),,151 DON CONNER BLVD.,JACKSON,NJ,8527,,,,,,,CORE,,false,0.00,,,,,,,2025-09-23 01:12:07.559888+00,2025-09-23 01:12:07.559888+00,,,,,,,,,,,,,,,,,,,0,,,,,,,
3e634f19-987f-467a-9a98-2b9414b37828,1029,Clean Kitchen Food,Clean Kitchen Food,,,,,,,,,,,,CORE,,false,0.00,,,,,,,2025-09-23 00:58:17.545531+00,2025-09-23 01:05:10.444587+00,,,,,,,,,,,,,,,,,,,0,,,,,,,
3ee6a55d-657b-466a-82d2-7b0c5364389b,175,DCO ENERGY,DCO ENERGY,,5429 HARDING HWY,MAYS LANDING,NJ,8330,,,,,,,CORE,,false,0.00,,,,,,,2025-09-23 00:58:17.545531+00,2025-09-23 01:05:10.444587+00,,,,,,,,,,,,,,,,,,,0,,,,,,,
3eef92fb-ccd6-4c52-a162-37729bd5b78a,1067,GreenGen,GreenGen,,"8120 Woodmont Avenue
Suite 350",Bethesda,MD,20814,,,,,,,CORE,,false,0.00,,,,,,,2025-09-23 01:09:10.612937+00,2025-09-23 01:09:10.612937+00,,,,,,,,,,,,,,,,,,,0,,,,,,,
4056e29a-65b6-407a-a5b3-e892a5fa9297,48,"AMCO ENTERPRISES, INC.","AMCO ENTERPRISES, INC.",,600 SWENSON DRIVE,KENILWORTH,NJ,7033,,,,,,,CORE,,false,0.00,,,,,,,2025-09-23 00:54:18.245539+00,2025-09-23 00:54:18.245539+00,,,,,,,,,,,,,,,,,,,0,,,,,,,
411814c9-7717-458c-bacc-32a46cbd8df1,751,APEX MECHANICAL CORP.,APEX MECHANICAL CORP.,,2800 WEBSTER AVENUE,NEW YORK,NY,10458,mikeg@apexmechcorp.com,,,,,,CORE,,false,0.00,,,,,,,2025-09-23 00:54:18.245539+00,2025-09-23 00:54:18.245539+00,,,,,,,,,,,,,,,,,,,0,,,,,,,
42748e17-d3aa-41b0-857f-79a4b48d04ab,16,"401 COLUMBUS HOLDINGS, LLC","401 COLUMBUS HOLDINGS, LLC",,401 COLUMBUS AVE. LOWER LEVEL,VALHALLA,NY,10595,,,,,,,CORE,,false,0.00,,,,,,,2025-09-23 00:54:18.245539+00,2025-09-23 00:54:18.245539+00,,,,,,,,,,,,,,,,,,,0,,,,,,,
436ac7d9-98bb-4a34-8c6f-55b17712fac2,203,"ECOSYSTEM ENERGY SERVICES USA, INC.","ECOSYSTEM ENERGY SERVICES USA, INC.",,462 7TH AVENUE,NEW YORK,NY,10018,,,,,,,CORE,,false,0.00,,,,,,,2025-09-23 01:06:48.926422+00,2025-09-23 01:06:48.926422+00,,,,,,,,,,,,,,,,,,,0,,,,,,,
43712046-c4fb-41a5-8746-95fadcaa4b4a,911,ARAMARK FACILITIES MANAGEMENT,ARAMARK FACILITIES MANAGEMENT,,2400 MARKET STREET,PHILADELPHIA,PA,19103,,,,,,,CORE,,true,49806.00,,,,,,,2025-09-23 00:54:18.245539+00,2025-09-23 00:54:18.245539+00,,,,,,,,,,,,,,,,,,,0,,,,,24-042524-383NJ,active,
44d3b28f-5a81-44b7-b53d-990e72a4eaf1,93,BR FRIES AND ASSOCIATES LLC,BR FRIES AND ASSOCIATES LLC,,"34 WEST 32ND ST., 7TH FL",NEW YORK,NY,10001,,,,,,,CORE,,false,0.00,,,,,,,2025-09-23 00:54:18.245539+00,2025-09-23 00:54:18.245539+00,,,,,,,,,,,,,,,,,,,0,,,,,,,
46420b1a-d02f-44c2-9cd5-3954611ea2fa,829,"ENVIROCON, LLC","ENVIROCON, LLC",,83 Canada Goose Drive,Hackettstown,NJ,7840,az@enviroconusa.com,,,,,,CORE,,false,0.00,,,,,,,2025-09-23 01:06:48.926422+00,2025-09-23 01:06:48.926422+00,,,,,,,,,,,,,,,,,,,0,,,,,,,
486c8b59-cd36-4545-b5c5-510bfe8158f4,65,BAM MECHANICAL CORP,BAM MECHANICAL CORP,,26 CHESTNUT RIDGE ROAD,ARMONK,NY,10504,,,,,,,CORE,,false,0.00,,,,,,,2025-09-23 00:54:18.245539+00,2025-09-23 00:54:18.245539+00,,,,,,,,,,,,,,,,,,,0,,,,,,,
4a5af0c2-43c9-445c-bcc8-b86a788e51b7,219,"ENTERIS BIOPHARMA, INC.","ENTERIS BIOPHARMA, INC.",,83 FULTON STREET,BOONTON,NJ,07005-1909,pshields@enterisbiopharma.com,,,,,,CORE,,true,8774.00,,,,,,,2025-09-23 01:06:48.926422+00,2025-09-23 01:06:48.926422+00,,,,,,,,,,,,,,,,,,,0,,,,,22-041122-83NJ; 23-053023-83NJ; 24-0524-83NJ; 25-0520-83NJ,active; expired,pshields@enterisbiopharma.com
4af01f25-160d-437a-a0d4-8bfeb53c5a4b,822,EDISON PLAZA,EDISON PLAZA,,10 PARSONAGE ROAD,EDISON,NJ,8837,,,,,,,CORE,,false,0.00,,,,,,,2025-09-23 01:06:48.926422+00,2025-09-23 01:06:48.926422+00,,,,,,,,,,,,,,,,,,,0,,,,,,,
4b106bf4-21f2-44ae-b2d5-1a487969d653,141,COASTAL REFRIGERATION CORP.,COASTAL REFRIGERATION CORP.,,1016 STATE ROUTE 33,FREEHOLD,NJ,7728,,,,,,,CORE,,false,0.00,,,,,,,2025-09-23 00:58:17.545531+00,2025-09-23 01:05:10.444587+00,,,,,,,,,,,,,,,,,,,0,,,,,,,
4b1266da-39f9-4c9e-9e9c-97d0238aca29,1051,LANDCO CONSTRUCTION,LANDCO CONSTRUCTION,,,,,,,,,,,,CORE,,false,0.00,,,,,,,2025-09-23 01:12:07.559888+00,2025-09-23 01:12:07.559888+00,,,,,,,,,,,,,,,,,,,0,,,,,,,
4c24fe1b-e94d-4586-a350-2ce648b66378,168,"CUSHMAN & WAKEFIELD, INC. (650 FIFTH)","CUSHMAN & WAKEFIELD, INC. (650 FIFTH)",,"CUSHMAN & WAKEFIELD, INC.",NEW YORK,NY,10019-6108,,,,,,,CORE,,false,0.00,,,,,,,2025-09-23 00:58:17.545531+00,2025-09-23 01:05:10.444587+00,,,,,,,,,,,,,,,,,,,0,,,,,,,
4c9aaf5e-7a9a-4d9a-8f00-ec437150e640,918,"CON EDISON SOLUTIONS, INC.","CON EDISON SOLUTIONS, INC.",,3405 W. DR. MARTIN L. KING JR. BLVD. SUITE 101,TAMPA,FL,33607,,,,,,,CORE,,false,0.00,,,,,,,2025-09-23 00:58:17.545531+00,2025-09-23 01:05:10.444587+00,,,,,,,,,,,,,,,,,,,0,,,,,,,
4e8739d0-ebb2-4a3d-9019-e9a475575ffa,925,JOHN F. KENNEDY INTERNATIONAL AIRPORT,JOHN F. KENNEDY INTERNATIONAL AIRPORT,,,,,,,,,,,,CORE,,false,0.00,,,,,,,2025-09-23 01:12:07.559888+00,2025-09-23 01:12:07.559888+00,,,,,,,,,,,,,,,,,,,0,,,,,,,
4eb68ba1-4209-43ca-89b4-4fd01fe97959,62,B.O.E. PASSAIC VALLEY REG. H.S. (ESCNJ),B.O.E. PASSAIC VALLEY REG. H.S. (ESCNJ),,DISTRIC NO. 1,LITTLE FALLS,NJ,7424,,,,,,,CORE,,true,11754.00,,,,,,,2025-09-23 00:54:18.245539+00,2025-09-23 00:54:18.245539+00,,,,,,,,,,,,,,,,,,,0,,,,,12507,active,
4f36133d-b4c5-43ac-bb1c-7d61ad794781,66,"BARHAM MECHANICAL GROUP, LLC","BARHAM MECHANICAL GROUP, LLC",,4239 HIGHWAY 33,TINTON FALLS,NJ,7753,,,,,,,CORE,,false,0.00,,,,,,,2025-09-23 00:54:18.245539+00,2025-09-23 00:54:18.245539+00,,,,,,,,,,,,,,,,,,,0,,,,,,,
502be91a-a0d6-440e-b52c-fd1e9da5e4fd,189,DUMONT MECHANICAL,DUMONT MECHANICAL,,2048 ROUTE 31,GLEN GARDNER,NJ,8826,,,,,,,CORE,,false,0.00,,,,,,,2025-09-23 01:06:48.926422+00,2025-09-23 01:06:48.926422+00,,,,,,,,,,,,,,,,,,,0,,,,,,,
519500c3-214a-4ca7-a7c9-fe988f8da7cf,246,FORT LEE PUBLIC SCHOOLS,FORT LEE PUBLIC SCHOOLS,,"231 MAIN STREET, 3RD FLOOR",FORT LEE,NJ,7024,,,,,,,CORE,,false,0.00,,,,,,,2025-09-23 01:09:10.612937+00,2025-09-23 01:09:10.612937+00,,,,,,,,,,,,,,,,,,,0,,,,,,,
52217665-d62f-4339-aacf-8c243aa2f9c9,311,INDEPENDENCE BORO SCHOOL DISTRICT (ESCNJ),INDEPENDENCE BORO SCHOOL DISTRICT (ESCNJ),,421 5TH STREET,INDEPENDENCE,NJ,7838,,,,,,,CORE,,false,0.00,,,,,,,2025-09-23 01:12:07.559888+00,2025-09-23 01:12:07.559888+00,,,,,,,,,,,,,,,,,,,0,,,,,,,
5331270b-5865-4709-a0b5-7db40ac97456,972,"ATRIA BUILDERS, LLC","ATRIA BUILDERS, LLC",,"158-13 72ND AVENUE, SUITE 2D",FLUSHING,NY,11365,,,,,,,CORE,,false,0.00,,,,,,,2025-09-23 00:54:18.245539+00,2025-09-23 00:54:18.245539+00,,,,,,,,,,,,,,,,,,,0,,,,,,,
538ad0bc-08e2-4b00-bb17-b7efe2a8479c,817,Cushman & Wakefield (650 College),Cushman & Wakefield (650 College),,650 College Road East,Princeton,NJ,8540,,,,,,,CORE,,false,0.00,,,,,,,2025-09-23 00:58:17.545531+00,2025-09-23 01:05:10.444587+00,,,,,,,,,,,,,,,,,,,0,,,,,,,
55b86280-d962-4e83-90dc-b274604e9851,330,J&T ELECTRIC CORP.,J&T ELECTRIC CORP.,,86-05 103RD AVE.,OZONE PARK,NY,11417,,,,,,,CORE,,false,0.00,,,,,,,2025-09-23 01:12:07.559888+00,2025-09-23 01:12:07.559888+00,,,,,,,,,,,,,,,,,,,0,,,,,,,
568626a7-0e4f-4417-97c2-c80d5cb9ba12,943,HARDYSTON BOARD OF EDUCATION,HARDYSTON BOARD OF EDUCATION,,183 WHEATSWORTH ROAD,HAMBURG,NJ,7416,,,,,,,CORE,,true,10296.00,,,,,,,2025-09-23 01:09:10.612937+00,2025-09-23 01:09:10.612937+00,,,,,,,,,,,,,,,,,,,0,,,,,24-042324-289NJ; 25-021825-289NJ,active; expired,
58565cdb-a48c-4a8b-8a91-53901d1c9e55,948,COUNTY OF MIDDLESEX (ESCNJ),COUNTY OF MIDDLESEX (ESCNJ),,PO BOX 661,NEW BRUNSWICK,NJ,8903,michael.tonne@co.middlesex.nj.us,,,,,,CORE,,true,21462.00,,,,,,,2025-09-23 00:58:17.545531+00,2025-09-23 01:05:10.444587+00,,,,,,,,,,,,,,,,,,,0,,,,,24-1213-570NJ,active,
592c41f2-83ea-4b78-bb8a-cf37f11ec9d6,1062,Grumman Butkus Associates,Grumman Butkus Associates,,,,,,,,,,,,CORE,,false,0.00,,,,,,,2025-09-23 01:09:10.612937+00,2025-09-23 01:09:10.612937+00,,,,,,,,,,,,,,,,,,,0,,,,,,,
5976af32-43ff-42e0-bff6-14801d29ed65,237,FALASCA MECHANICAL,FALASCA MECHANICAL,,3329 N. MILL ROAD,VINELAND,NJ,8360,,,,,,,CORE,,false,0.00,,,,,,,2025-09-23 01:09:10.612937+00,2025-09-23 01:09:10.612937+00,,,,,,,,,,,,,,,,,,,0,,,,,,,
59cff5a8-8dd9-4b9a-97bb-0b8df85cc05a,163,CRANFORD BOARD OF EDUCATION (ESCNJ),CRANFORD BOARD OF EDUCATION (ESCNJ),,132 THOMAS STREET,CRANFORD,NJ,7016,,,,,,,CORE,,false,0.00,,,,,,,2025-09-23 00:58:17.545531+00,2025-09-23 01:05:10.444587+00,,,,,,,,,,,,,,,,,,,0,,,,,,,
5a240a0c-ed35-47d4-8a2b-7ee97b674d7a,42,AJ CELIANO INC.,AJ CELIANO INC.,,460 LUDLOW AVE,CRANFORD,NJ,7016,,,,,,,CORE,,false,0.00,,,,,,,2025-09-23 00:54:18.245539+00,2025-09-23 00:54:18.245539+00,,,,,,,,,,,,,,,,,,,0,,,,,,,
5b87e8fa-57a2-46a6-9199-9f019a0bfbf9,278,HACKENSACK BOARD OF EDUCATION,HACKENSACK BOARD OF EDUCATION,,191 SECOND STREET,HACKENSACK,NJ,7601,,,,,,,CORE,,true,43680.00,,,,,,,2025-09-23 01:09:10.612937+00,2025-09-23 01:09:10.612937+00,,,,,,,,,,,,,,,,,,,0,,,,,24-0822-191NJ,active; expired,
5e9dfffb-db64-4f21-8aed-b10907b77733,296,HJ MECHANICAL CORP.,HJ MECHANICAL CORP.,,64 BESSON STREET,FORDS,NJ,8863,,,,,,,CORE,,false,0.00,,,,,,,2025-09-23 01:12:07.559888+00,2025-09-23 01:12:07.559888+00,,,,,,,,,,,,,,,,,,,0,,,,,,,
5f68aaee-0bd1-431f-bb22-d33e61109b7b,834,"608 COMPANY, LLC (c/o CBRE)","608 COMPANY, LLC (c/o CBRE)",,240 CENTRAL PARK SOUTH Bill Box # 01-205819-ILJ001,NEW YORK,NY,10019,,,,,,,CORE,,false,0.00,,,,,,,2025-09-23 00:54:18.245539+00,2025-09-23 00:54:18.245539+00,,,,,,,,,,,,,,,,,,,0,,,,,,,
60ba11ce-6fb9-4241-b773-b5b112bc2f46,263,GIRL SCOUTS OF THE USA,GIRL SCOUTS OF THE USA,,AMERICA,BRIARCLIFF MANOR,NY,10510,,,,,,,CORE,,true,11991.00,,,,,,,2025-09-23 01:09:10.612937+00,2025-09-23 01:09:10.612937+00,,,,,,,,,,,,,,,,,,,0,,,,,213581; 25-0313-550NY,active; expired,
611f5c38-9563-4e6a-8f72-4c001825c69c,870,150 EAST 57TH STREET LLC.,150 EAST 57TH STREET LLC.,,150 East 57th Street,New York,NY,10022,,,,,,,CORE,,false,0.00,,,,,,,2025-09-23 00:54:18.245539+00,2025-09-23 00:54:18.245539+00,,,,,,,,,,,,,,,,,,,0,,,,,,,
61e91324-5f62-4dc0-a594-9b8af6a93985,1066,CYTOSORBENTS MEDICAL INC.,CYTOSORBENTS MEDICAL INC.,,305 COLLEGE ROAD EAST,PRINCETON,NJ,8540,,,,,,,CORE,,false,0.00,,,,,,,2025-09-23 00:58:17.545531+00,2025-09-23 01:05:10.444587+00,,,,,,,,,,,,,,,,,,,0,,,,,,,
6278aa45-78f3-4b0b-aa46-c9a8cedabf87,123,CEG SOLUTIONS LLC,CEG SOLUTIONS LLC,,"4040 NORTH FAIRFAX DR,",ARLINGTON,VA,22203,,,,,,,CORE,,false,0.00,,,,,,,2025-09-23 00:54:18.245539+00,2025-09-23 00:54:18.245539+00,,,,,,,,,,,,,,,,,,,0,,,,,,,
645cee57-a583-4eb1-b795-372ec6b5563e,839,"LAROSA'S SERVICES HEATING & COOLING, INC","LAROSA'S SERVICES HEATING & COOLING, INC",,16 CHARLES STREET,LODI,NJ,7644,,,,,,,CORE,,false,0.00,,,,,,,2025-09-23 01:12:07.559888+00,2025-09-23 01:12:07.559888+00,,,,,,,,,,,,,,,,,,,0,,,,,,,
65127a88-b166-4833-a302-4c513ecee21f,120,CARTER MECHANICAL,CARTER MECHANICAL,,176 PENNSYLVANIA AVE.,MALVERN,PA,19355,,,,,,,CORE,,false,0.00,,,,,,,2025-09-23 00:54:18.245539+00,2025-09-23 00:54:18.245539+00,,,,,,,,,,,,,,,,,,,0,,,,,,,
656be0d0-3ed2-446c-9bb5-9c6580a252b0,170,"D&B BUILDING SOLUTIONS, LLC","D&B BUILDING SOLUTIONS, LLC",,444 JOHN F. KENNEDY DR. NORTH,BLOOMFIELD,NJ,7003,,,,,,,CORE,,false,0.00,,,,,,,2025-09-23 00:58:17.545531+00,2025-09-23 01:05:10.444587+00,,,,,,,,,,,,,,,,,,,0,,,,,,,
66562a09-41f9-46e2-b2b9-9ca3920faaeb,323,JERSEY CITY MEDICAL CENTER,JERSEY CITY MEDICAL CENTER,,355 GRAND STREET,JERSEY CITY,NJ,7302,,,,,,,CORE,,false,0.00,,,,,,,2025-09-23 01:12:07.559888+00,2025-09-23 01:12:07.559888+00,,,,,,,,,,,,,,,,,,,0,,,,,,,
66a3cb69-a154-486c-ac62-a4b31ede0500,1004,HARRISON TOWNSHIP BOE,HARRISON TOWNSHIP BOE,,120 N. MAIN STREET,MULLICA HILL,NJ,8062,,,,,,,CORE,,true,6536.00,,,,,,,2025-09-23 01:09:10.612937+00,2025-09-23 01:09:10.612937+00,,,,,,,,,,,,,,,,,,,0,,,,,25-0624-120NJ-3LE,active,
679f1687-c830-47e4-a6ec-011bd4a426a0,265,GLEN RIDGE PUBLIC LIBRARY,GLEN RIDGE PUBLIC LIBRARY,,240 RIDGEWOOD AVE,GLEN RIDGE,NJ,7028,jbagdon@glenridgelibrary.org,,,,,,CORE,,true,19300.00,,,,,,,2025-09-23 01:09:10.612937+00,2025-09-23 01:09:10.612937+00,,,,,,,,,,,,,,,,,,,0,,,,,23-120122-240NJ; 24-102023-240NJ-1Y-2,active; expired,jbagdon@glenridgelibrary.org
67c35473-930d-42b3-903a-b70d37f18579,133,CITY OF JERSEY CITY,CITY OF JERSEY CITY,,13-15 LINDEN AVENUE EAST,JERSEY CITY,NJ,7305,,,,,,,ASSURE,,true,141936.00,,,,,,,2025-09-23 00:58:17.545531+00,2025-09-23 01:05:10.444587+00,,,,,,,,,,,,,,,,,,,0,,,,,23-102822-1&4NJ; 24-010124-1&4NJ; 24-092724-75NJ3M; 25-010125-1&4NJ; 25-010125-1NJ; 25-010125-2NJ; 25-010125-75NJ,active; expired,
67da6bbf-8c09-4210-ad85-b7e1d81124dd,1008,540 WPR LLC,540 WPR LLC,,236 ERNSTON RD,PARLIN,NJ,8859,mj1realty2018@gmail.com,,,,,,CORE,,false,0.00,,,,,,,2025-09-23 00:54:18.245539+00,2025-09-23 00:54:18.245539+00,,,,,,,,,,,,,,,,,,,0,,,,,,,
685bd79d-9e17-4885-b5bd-8fe691e52a95,735,CUSHMAN & WAKEFIELD INC. (141 WILLOUGHBY),CUSHMAN & WAKEFIELD INC. (141 WILLOUGHBY),,141 WILLOUGHBY STREET,BROOKLYN,NY,11201,,,,,,,CORE,,true,16271.00,,,,,,,2025-09-23 00:58:17.545531+00,2025-09-23 01:05:10.444587+00,,,,,,,,,,,,,,,,,,,0,,,,,23-020323-141NY; 25-010725-141NY,active; expired,
6898d21d-864c-47f3-a23d-a47cf6834a20,96,BRIDGEWATER-RARITAN REG DIST. (ESCNJ),BRIDGEWATER-RARITAN REG DIST. (ESCNJ),,836 NEWMANS LANE,BRIDGEWATER,NJ,08807-0030,,,,,,,CORE,,false,0.00,,,,,,,2025-09-23 00:54:18.245539+00,2025-09-23 00:54:18.245539+00,,,,,,,,,,,,,,,,,,,0,,,,,,,
68a9fff3-bcb9-4748-90c3-a39cb145f97f,886,KENNEDY CATHOLIC HIGH SCHOOL (ESCNJ),KENNEDY CATHOLIC HIGH SCHOOL (ESCNJ),,1800 KENNEDY BLVD.,JERSEY CITY,NJ,7305,,,,,,,CORE,,false,0.00,,,,,,,2025-09-23 01:12:07.559888+00,2025-09-23 01:12:07.559888+00,,,,,,,,,,,,,,,,,,,0,,,,,,,
693c6980-248e-4676-918c-40d4e0e70355,756,CUSTOM PRO SOLUTIONS,CUSTOM PRO SOLUTIONS,,2790 STATE ROUTE 13,NEW WOODSTOCK,NY,13122,,,,,,,CORE,,false,0.00,,,,,,,2025-09-23 00:58:17.545531+00,2025-09-23 01:05:10.444587+00,,,,,,,,,,,,,,,,,,,0,,,,,,,
69951b3c-a021-4cea-b9cf-fb859b4a22db,1063,195 COLUMBIA LLC,195 COLUMBIA LLC,,"195 COLUMBIA TPKE, SUITE #100",FLORHAM PARK,NJ,7932,,,,,,,CORE,,false,0.00,,,,,,,2025-09-23 00:54:18.245539+00,2025-09-23 00:54:18.245539+00,,,,,,,,,,,,,,,,,,,0,,,,,,,
6b21653a-6069-47e7-91df-5e23a4dfc270,137,CLIFTON BOARD OF EDUCATION,CLIFTON BOARD OF EDUCATION,,745 CLIFTON AVE.,CLIFTON,NJ,7013,,,,,,,CORE,,false,0.00,,,,,,,2025-09-23 00:58:17.545531+00,2025-09-23 01:05:10.444587+00,,,,,,,,,,,,,,,,,,,0,,,,,,,
6b3b93bc-0482-4f7e-8a80-dffb1e804209,302,HUNTERDON CENTRAL HIGH SCH DISTRICT (ESC),HUNTERDON CENTRAL HIGH SCH DISTRICT (ESC),,84 ROUTE 31,FLEMINGTON,NJ,8822,,,,,,,CORE,,false,0.00,,,,,,,2025-09-23 01:12:07.559888+00,2025-09-23 01:12:07.559888+00,,,,,,,,,,,,,,,,,,,0,,,,,,,
6b668a6e-c45b-48df-8413-f0267b5c116f,776,BRAE BURN COUNTRY CLUB INC.,BRAE BURN COUNTRY CLUB INC.,,39 BRAE BRUN DRIVE,PURCHASE,NY,10577,,,,,,,CORE,,false,0.00,,,,,,,2025-09-23 00:54:18.245539+00,2025-09-23 00:54:18.245539+00,,,,,,,,,,,,,,,,,,,0,,,,,,,
6c7bcf0c-9d2b-4989-9d1b-af8faf19d853,762,CRYSTAL & DIAMOND HOSPITALITY LLC,CRYSTAL & DIAMOND HOSPITALITY LLC,,D/B/A ENVUE AUTOGRAPH COLLECTION,,,,,,,,,,CORE,,false,0.00,,,,,,,2025-09-23 00:58:17.545531+00,2025-09-23 01:05:10.444587+00,,,,,,,,,,,,,,,,,,,0,,,,,,,
6d2c812d-59db-4c8e-9e9b-5fc0366740c4,939,ATLAS CAPITAL GROUP,ATLAS CAPITAL GROUP,,200 PARK AVE,NEW YORK,NY,10166,operations@atlascapital.com,,,,,,ASSURE,,true,35000.00,,,,,,,2025-09-23 00:43:14.58878+00,2025-09-23 00:43:14.58878+00,,,,,,,,,,,,,,,,,,,0,,,,,23-050123-200NY,active,operations@atlascapital.com
6dc3d301-0cca-4e69-aac2-35483e020e39,227,EQUITY RESIDENTIAL,EQUITY RESIDENTIAL,,ATTN:  ACCOUNTS PAYABLE,AUGUSTA,GA,30901,pgospodarzec@eqr.com,,,,,,CORE,,true,9690.00,,,,,,,2025-09-23 01:09:10.612937+00,2025-09-23 01:09:10.612937+00,,,,,,,,,,,,,,,,,,,0,,,,,23-092922-170NY; 23-101123-170NY,active; expired,pgospodarzec@eqr.com
6e441a96-a5e2-45e0-8ec7-758b823141fa,121,CBRE PROPERTY MANAGEMENT,CBRE PROPERTY MANAGEMENT,,Billbox: 01-205819-IEV001 PO Box 2021,WARREN,MI,48090-2021,,,,,,,CORE,,true,39010.00,,,,,,,2025-09-23 00:54:18.245539+00,2025-09-23 00:54:18.245539+00,,,,,,,,,,,,,,,,,,,0,,,,,515116,active,
6fcf64a0-93bc-4197-b4a4-45c29c387c72,1020,INDUSTRIAL SERVICES INC.,INDUSTRIAL SERVICES INC.,,600 W. UNIVERSITY PKWY,BALTIMORE,MD,21210,,,,,,,CORE,,false,0.00,,,,,,,2025-09-23 01:12:07.559888+00,2025-09-23 01:12:07.559888+00,,,,,,,,,,,,,,,,,,,0,,,,,,,
6fde360e-1d5b-4613-bdda-1bad8aa3e413,1025,EAST HANOVER TOWNSHIP BOE (ESCNJ),EAST HANOVER TOWNSHIP BOE (ESCNJ),,20 SCHOOL AVENUE,EAST HANOVER,NJ,7936,,,,,,,CORE,,true,3238.00,,,,,,,2025-09-23 01:06:48.926422+00,2025-09-23 01:06:48.926422+00,,,,,,,,,,,,,,,,,,,0,,,,,25-0423-477NJ-1LE,active,
7112b9aa-444d-47da-bde1-84eee8cb01f0,344,LAMBERTVILLE CITY BOE (ESCNJ),LAMBERTVILLE CITY BOE (ESCNJ),,226 N. UNION STREET,LAMBERTVILLE,NJ,8530,,,,,,,CORE,,false,0.00,,,,,,,2025-09-23 01:12:07.559888+00,2025-09-23 01:12:07.559888+00,,,,,,,,,,,,,,,,,,,0,,,,,,,
7198f403-0b22-4b38-86bc-88344e52d11c,176,DE SESA ENGINEERING CO. INC.,DE SESA ENGINEERING CO. INC.,,83 DORSA AVE,LIVINGSTON,NJ,7039,,,,,,,CORE,,false,0.00,,,,,,,2025-09-23 00:58:17.545531+00,2025-09-23 01:06:48.926422+00,,,,,,,,,,,,,,,,,,,0,,,,,,,
725e4e4d-5889-4952-905a-9c1e2ba557ba,200,EASTAMPTON BOARD OF EDUCATION (ESCNJ),EASTAMPTON BOARD OF EDUCATION (ESCNJ),,1 STUDENT DRIVE,EASTAMPTON,NJ,8060,,,,,,,CORE,,true,9355.00,,,,,,,2025-09-23 01:06:48.926422+00,2025-09-23 01:06:48.926422+00,,,,,,,,,,,,,,,,,,,0,,,,,24-0808-1NJ; 25-0519-1NJ-1LE,active; expired,
73191ecf-eaef-4293-86c7-d44f3f282c17,257,GDO CONTRACTING CORP,GDO CONTRACTING CORP,,10-34 44TH DRIVE,LONG ISLAND CITY,NY,11101,,,,,,,CORE,,false,0.00,,,,,,,2025-09-23 01:09:10.612937+00,2025-09-23 01:09:10.612937+00,,,,,,,,,,,,,,,,,,,0,,,,,,,
73e57db3-747c-4dde-a829-6efd6ae44f43,966,HAMPTON TOWNSHIP BOARD OF EDUCATION,HAMPTON TOWNSHIP BOARD OF EDUCATION,,1 SCHOOL RD,NEWTON,NJ,7860,,,,,,,CORE,,false,0.00,,,,,,,2025-09-23 01:09:10.612937+00,2025-09-23 01:09:10.612937+00,,,,,,,,,,,,,,,,,,,0,,,,,,,
746960a2-5df3-4503-b3ab-ea199c5c7f02,115,CALDWELL WEST CALDWELL (ESCNJ),CALDWELL WEST CALDWELL (ESCNJ),,104 GRAY STREET,WEST CALDWELL,NJ,07006-7696,cmarcell@cwcboe.org,,,,,,ASSURE,,true,147625.00,,,,,,,2025-09-23 00:54:18.245539+00,2025-09-23 00:54:18.245539+00,,,,,,,,,,,,,,,,,,,0,,,,,22-041122-104NJ,active,cmarcell@cwcboe.org
74b92d67-8c64-4b73-8503-87ec5c1e8604,127,CENTRALPACK ENGINEERING CORP,CENTRALPACK ENGINEERING CORP,,359 GREEN POND ROAD,HIBERNIA,NJ,7842,,,,,,,CORE,,false,0.00,,,,,,,2025-09-23 00:54:18.245539+00,2025-09-23 00:54:18.245539+00,,,,,,,,,,,,,,,,,,,0,,,,,,,
75d4fa9e-a7b0-449d-8ef6-ea415889f730,970,CMIC CMO USA CORPORATION,CMIC CMO USA CORPORATION,,270 PROSPECT PLAINS RD,CRANBURY,NJ,08512-3605,,,,,,,CORE,,false,0.00,,,,,,,2025-09-23 00:58:17.545531+00,2025-09-23 01:05:10.444587+00,,,,,,,,,,,,,,,,,,,0,,,,,,,
7647757b-eedb-4d77-aa01-96b64b8eac43,816,"CELLDEX THERAPEUTICS, INC.","CELLDEX THERAPEUTICS, INC.",,"160 GOULD STREET, SUITE 202",NEEDHAM,MA,2494,,,,,,,CORE,,true,6617.00,,,,,,,2025-09-23 00:54:18.245539+00,2025-09-23 01:05:10.444587+00,,,,,,,,,,,,,,,,,,,0,,,,,25-0219-53NJ,active,
765c9abd-fa3f-4b69-963b-8a486281fdbf,144,COLUMBIA UNIVERSITY MEDICAL CENTER,COLUMBIA UNIVERSITY MEDICAL CENTER,,650 WEST 168TH STREET,NEW YORK,NY,10032,,,,,,,CORE,,false,0.00,,,,,,,2025-09-23 00:58:17.545531+00,2025-09-23 01:05:10.444587+00,,,,,,,,,,,,,,,,,,,0,,,,,,,
77ab626d-a5f8-47ee-a25e-b13aa0552eb5,976,"JAROS, BAUM & BOLLES CONSULTING ENGINEER",DRIFT,,75 NINTH AVENUE,NEW YORK,NY,10011,,,,,,,CORE,,false,0.00,,,,,,,2025-09-23 01:06:48.926422+00,2025-09-23 01:12:07.559888+00,,,,,,,,,,,,,,,,,,,0,,,,,,,
78695163-9dc3-4ac5-8cda-87fac2e9160b,910,CONNELL REAL ESTATE & DEVELOPMENT CO.,CONNELL REAL ESTATE & DEVELOPMENT CO.,,300 CONNELL DRIVE,BERKELEY HEIGHTS,NJ,7922,,,,,,,CORE,,true,26193.02,,,,,,,2025-09-23 00:58:17.545531+00,2025-09-23 01:05:10.444587+00,,,,,,,,,,,,,,,,,,,0,,,,,23-031623-100NJ; 25-0228-100NJ,active; expired,
7a0566fc-ae84-4994-8fff-e94c1acbe19a,318,IRVINGTON BOARD OF EDUCATION (ESCNJ),IRVINGTON BOARD OF EDUCATION (ESCNJ),,1123 CLINTON AVENUE,IRVINGTON,NJ,7111,,,,,,,CORE,,false,0.00,,,,,,,2025-09-23 01:12:07.559888+00,2025-09-23 01:12:07.559888+00,,,,,,,,,,,,,,,,,,,0,,,,,,,
7a8c4093-c3f6-41b9-b03d-0d2fb3ca66ae,181,"DI SANTI MECHANICAL, INC.","DI SANTI MECHANICAL, INC.",,"101 EAST MAIN STREET, BUILDING 3",LITTLE FALLS,NJ,7424,,,,,,,CORE,,false,0.00,,,,,,,2025-09-23 00:58:17.545531+00,2025-09-23 01:06:48.926422+00,,,,,,,,,,,,,,,,,,,0,,,,,,,
7dbe019a-bc8c-4d0d-a20f-21ac242279ab,294,HILLSBOROUGH BOARD OF EDUCATION (ESCNJ),HILLSBOROUGH BOARD OF EDUCATION (ESCNJ),,379 SOUTH BRANCH ROAD,HILLSBOROUGH,NJ,8844,,,,,,,CORE,,false,0.00,,,,,,,2025-09-23 01:12:07.559888+00,2025-09-23 01:12:07.559888+00,,,,,,,,,,,,,,,,,,,0,,,,,,,
7e07e3f5-4656-4366-ba02-662264482970,994,DWIGHT SCHOOL,DWIGHT SCHOOL,,291 CENTRAL PARK WEST,NEW YORK,NY,10024,,,,,,,CORE,,false,0.00,,,,,,,2025-09-23 01:06:48.926422+00,2025-09-23 01:06:48.926422+00,,,,,,,,,,,,,,,,,,,0,,,,,,,
7e115a09-d6fc-44bf-9848-e346bc160dd1,869,EAST ISLIP DISTRICT OFFICE (ED-DATA),EAST ISLIP DISTRICT OFFICE (ED-DATA),,1 CRAIG B GARIEPY AVENUE,ISLIP TERRACE,NY,11752,,,,,,,CORE,,false,0.00,,,,,,,2025-09-23 01:06:48.926422+00,2025-09-23 01:06:48.926422+00,,,,,,,,,,,,,,,,,,,0,,,,,,,
7f36904a-d11b-47b0-911b-46a91628f07c,1038,42 TRINITY PLACE CONDOMINIUM,42 TRINITY PLACE CONDOMINIUM,,"575 FIFTH AVE, 9TH FL",NEW YORK,NY,10017,,,,,,,CORE,,true,21400.00,,,,,,,2025-09-23 00:43:14.58878+00,2025-09-23 00:43:14.58878+00,,,,,,,,,,,,,,,,,,,0,,,,,25-033125-42NY,active,
7fc9f68e-4629-453f-b845-bc409cf3e625,887,"ARGENT CONTRACTING CO., INC","ARGENT CONTRACTING CO., INC",,16 WATCHUNG AVENUE,CHATHAM,NJ,7928,,,,,,,CORE,,false,0.00,,,,,,,2025-09-23 00:54:18.245539+00,2025-09-23 00:54:18.245539+00,,,,,,,,,,,,,,,,,,,0,,,,,,,
80dabb82-0b11-431e-b3c9-460c176adb73,64,B.O.E. VOCATIONAL CO. OF SUSSEX(ESCNJ),B.O.E. VOCATIONAL CO. OF SUSSEX(ESCNJ),,105 N. CHURCH ROAD,SPARTA,NJ,7871,,,,,,,CORE,,false,0.00,,,,,,,2025-09-23 00:54:18.245539+00,2025-09-23 00:54:18.245539+00,,,,,,,,,,,,,,,,,,,0,,,,,,,
81c0fb60-5789-4539-bac6-f7911dce8ee5,50,"AMERESCO, INC.","AMERESCO, INC.",,520 W. SUMMIT HILL DRIVE,KNOXVILLE,TN,37902,,,,,,,CORE,,false,0.00,,,,,,,2025-09-23 00:54:18.245539+00,2025-09-23 00:54:18.245539+00,,,,,,,,,,,,,,,,,,,0,,,,,,,
81f599ad-8e5b-4247-8bd2-211dd2c539a2,322,JERSEY CITY BOARD OF EDUCATION,JERSEY CITY BOARD OF EDUCATION,,346 CLAREMONT AVENUE,JERSEY CITY,NJ,7305,,,,,,,CORE,,false,0.00,,,,,,,2025-09-23 01:12:07.559888+00,2025-09-23 01:12:07.559888+00,,,,,,,,,,,,,,,,,,,0,,,,,,,
83eae138-ed06-446d-8c36-908cf4f58073,27,ACP CONTRACTING INC.,ACP CONTRACTING INC.,,25 JUST ROAD,FAIRFIELD,NJ,7004,,,,,,,CORE,,false,0.00,,,,,,,2025-09-23 00:54:18.245539+00,2025-09-23 00:54:18.245539+00,,,,,,,,,,,,,,,,,,,0,,,,,,,
8400d9d6-9fba-4b70-a47c-2b8281cf7343,851,COUNTY OF ESSEX,COUNTY OF ESSEX,,465 DR MARTIN LUTHER KING JR BLVD #335,NEWARK,NJ,7102,,,,,,,CORE,,false,0.00,,,,,,,2025-09-23 00:58:17.545531+00,2025-09-23 01:05:10.444587+00,,,,,,,,,,,,,,,,,,,0,,,,,,,
849b68f6-1192-481b-9f88-04ba1d771337,846,"BERKLEE COLLEGE OF MUSIC, INC.","BERKLEE COLLEGE OF MUSIC, INC.",,441 West 53rd Street,New York,NY,10019,,,,,,,CORE,,false,0.00,,,,,,,2025-09-23 00:54:18.245539+00,2025-09-23 00:54:18.245539+00,,,,,,,,,,,,,,,,,,,0,,,,,,,
86e3ae10-8e7c-468c-96d3-cfd354f7e2fa,345,LANCASTER GENERAL HEALTH,LANCASTER GENERAL HEALTH,,555 N. DUKE STREET,LANCASTER,PA,17602,,,,,,,CORE,,false,0.00,,,,,,,2025-09-23 01:12:07.559888+00,2025-09-23 01:12:07.559888+00,,,,,,,,,,,,,,,,,,,0,,,,,,,
87063e57-b8ec-4f86-ba4d-cb36e559405f,952,BOND STREET,BOND STREET,,500 WEST 33RD STREET,NEW YORK,NY,10001,,,,,,,CORE,,false,0.00,,,,,,,2025-09-23 00:54:18.245539+00,2025-09-23 00:54:18.245539+00,,,,,,,,,,,,,,,,,,,0,,,,,,,
874cf8b5-189d-4374-a78d-1e3bf90ef13d,958,CAFE SPICE LLC,CAFE SPICE LLC,,677 LITTLE BRITAIN ROAD,NEW WINDSOR,NY,12553,,,,,,,CORE,,true,9658.00,,,,,,,2025-09-23 00:54:18.245539+00,2025-09-23 01:05:10.444587+00,,,,,,,,,,,,,,,,,,,0,,,,,24-073124-295NY,active,
875d1701-244a-41c2-97cf-a5b16fc234d2,55,ATLANTIC CITY BOARD OF EDUCATION,ATLANTIC CITY BOARD OF EDUCATION,,1300 PACIFIC AVE,ATLANTIC CITY,NJ,8401,,,,,,,CORE,,false,0.00,,,,,,,2025-09-23 00:43:14.58878+00,2025-09-23 00:43:14.58878+00,,,,,,,,,,,,,,,,,,,0,,,,,,,
87ef9e25-93a0-40bd-aca4-1be46ed498da,980,EMERSON LLLP,EMERSON LLLP,,"1100 W LOUIS HENNA BLVD, BUILDING 1",ROUND ROCK,TX,78681-7430,,,,,,,CORE,,false,0.00,,,,,,,2025-09-23 01:06:48.926422+00,2025-09-23 01:06:48.926422+00,,,,,,,,,,,,,,,,,,,0,,,,,,,
880137bb-4cf7-4e60-9f64-c56462f3719e,292,HIGHLAND PARK BOARD OF EDUCATION (ESCNJ),HIGHLAND PARK BOARD OF EDUCATION (ESCNJ),,225 WOODBRIDGE AVE.,HIGHLAND PARK,NJ,8904,,,,,,,CORE,,false,0.00,,,,,,,2025-09-23 01:12:07.559888+00,2025-09-23 01:12:07.559888+00,,,,,,,,,,,,,,,,,,,0,,,,,,,
89d560b7-0a33-4a61-bfe7-f44574f48946,961,"INTEGRATED DESIGN GROUP, LLC",125 W 125TH STREET OFFICE OWNER LLC,,"121 WILLOWBROOK BLVD., SUITE D-1",WAYNE,NJ,7470,,,,,,,CORE,,false,0.00,,,,,,,2025-09-23 00:43:14.58878+00,2025-09-23 01:12:07.559888+00,,,,,,,,,,,,,,,,,,,0,,,,,,,
8a793e3f-5869-4f87-b8a7-0c8646ef4168,781,GREEN TOWNSHIP BOARD OF EDUCATION (ESCNJ),GREEN TOWNSHIP BOARD OF EDUCATION (ESCNJ),,69 MACKERLY ROAD,GREEN,NJ,7860,,,,,,,CORE,,false,0.00,,,,,,,2025-09-23 01:09:10.612937+00,2025-09-23 01:09:10.612937+00,,,,,,,,,,,,,,,,,,,0,,,,,,,
8b75a7f4-c7a7-4e2c-9915-a8998de4a5a3,185,DON BOSCO PREPARATORY HIGH SCHOOL,DON BOSCO PREPARATORY HIGH SCHOOL,,492 FRANKLIN TURNPIKE,RAMSEY,NJ,7446,,,,,,,CORE,,false,0.00,,,,,,,2025-09-23 00:58:17.545531+00,2025-09-23 01:06:48.926422+00,,,,,,,,,,,,,,,,,,,0,,,,,23-011123-492NJ,expired,
8c3bc1e3-9977-4dfa-ae46-5dc9bc66332b,216,"ENERGY SYSTEMS GROUP, LLC","ENERGY SYSTEMS GROUP, LLC",,9877 EASTGATE COURT,NEWBURGH,IN,47630,,,,,,,CORE,,false,0.00,,,,,,,2025-09-23 01:06:48.926422+00,2025-09-23 01:06:48.926422+00,,,,,,,,,,,,,,,,,,,0,,,,,,,
8db94340-2615-4233-b787-5ff5caf0152b,845,DUTCHESS COUNTY (BOCES),DUTCHESS COUNTY (BOCES),,5 Boces Road,Poughkeepsie,NY,12601,,,,,,,CORE,,true,8604.00,,,,,,,2025-09-23 01:06:48.926422+00,2025-09-23 01:06:48.926422+00,,,,,,,,,,,,,,,,,,,0,,,,,24-0509-5NY; 25-0514-5NY-1LE,active; expired,
904bd0e7-6a28-4225-aeb5-ad4782ee6388,85,BOE N. HUNTERDON-VOORHEES REG.(ESCNJ),BOE N. HUNTERDON-VOORHEES REG.(ESCNJ),,HIGH SCHOOL DISTRIC STATE ROUTE 31,ANNANDALE,NJ,8801,,,,,,,CORE,,true,23599.00,,,,,,,2025-09-23 00:54:18.245539+00,2025-09-23 00:54:18.245539+00,,,,,,,,,,,,,,,,,,,0,,,,,24-0726-2561NJ,active,
91ca4cf9-51f2-4ee6-9bc2-4af5b37388e6,279,HACKETTSTOWN SCHOOL DISTRICT,HACKETTSTOWN SCHOOL DISTRICT,,315 WASHINGTON ST.,HACKETTSTOWN,NJ,7840,,,,,,,CORE,,false,0.00,,,,,,,2025-09-23 01:09:10.612937+00,2025-09-23 01:09:10.612937+00,,,,,,,,,,,,,,,,,,,0,,,,,,,
9309fba7-27e9-448b-8498-7db9438dd7c7,274,GUTTENBERG BOARD OF EDUCATION (ESCNJ),GUTTENBERG BOARD OF EDUCATION (ESCNJ),,301-69TH STREET,GUTENBERG,NJ,7093,,,,,,,CORE,,false,0.00,,,,,,,2025-09-23 01:09:10.612937+00,2025-09-23 01:09:10.612937+00,,,,,,,,,,,,,,,,,,,0,,,,,,,
936597a0-817b-4c7a-b6d8-79a802ef9f63,947,LEE & ASSOCIATES,LEE & ASSOCIATES,,777 PASSAIC AVENUE,CLIFTON,NJ,7012,,,,,,,CORE,,false,0.00,,,,,,,2025-09-23 01:12:07.559888+00,2025-09-23 01:12:07.559888+00,,,,,,,,,,,,,,,,,,,0,,,,,,,
93839523-0954-4ab3-aea8-27aa4950fd9f,1015,BECKFORD TOWER,BECKFORD TOWER,,301 East 80th Street,New York,NY,10075,,,,,,,CORE,,false,0.00,,,,,,,2025-09-23 00:54:18.245539+00,2025-09-23 00:54:18.245539+00,,,,,,,,,,,,,,,,,,,0,,,,,,,
93dc2410-8bd6-4c82-aa6d-90355757418f,960,"ECOSAVE AUTOMATION, LLC","ECOSAVE AUTOMATION, LLC",,4000 S 26TH,PHILADELPHIA,PA,19145,,,,,,,CORE,,true,7306.00,,,,,,,2025-09-23 01:06:48.926422+00,2025-09-23 01:06:48.926422+00,,,,,,,,,,,,,,,,,,,0,,,,,24-0207-8353NY; 25-0128-8353NY,active; expired,
96530324-54ac-4527-a2ee-56620d9f1a94,840,LAFAYETTE TOWNSHIP SCHOOL DISTRICT,LAFAYETTE TOWNSHIP SCHOOL DISTRICT,,20 LUFFBURROW ROAD,LAFAYETTE,NJ,7848,,,,,,,CORE,,false,0.00,,,,,,,2025-09-23 01:12:07.559888+00,2025-09-23 01:12:07.559888+00,,,,,,,,,,,,,,,,,,,0,,,,,,,
965fb3b1-d054-4a2a-b4ba-a95e33bd40d3,201,EASTERN AIR INC.,EASTERN AIR INC.,,260 JOHNSON AVENUE,BROOKLYN,NY,11206,,,,,,,CORE,,false,0.00,,,,,,,2025-09-23 01:06:48.926422+00,2025-09-23 01:06:48.926422+00,,,,,,,,,,,,,,,,,,,0,,,,,,,
96809cff-768a-481c-a2b9-1e8a18ec7e34,897,FORWARD HEATING,FORWARD HEATING,,55-54 60TH STREET,MASPETH,NY,11378,,,,,,,CORE,,false,0.00,,,,,,,2025-09-23 01:09:10.612937+00,2025-09-23 01:09:10.612937+00,,,,,,,,,,,,,,,,,,,0,,,,,,,
98efc090-1bc3-41f0-967d-5445dabae6ff,883,"BAIN & COMPANY, INC.","BAIN & COMPANY, INC.",,"1717 MCKINNEY AVENUE, SUITE 1700",DALLAS,TX,75202,,,,,,,CORE,,false,0.00,,,,,,,2025-09-23 00:54:18.245539+00,2025-09-23 00:54:18.245539+00,,,,,,,,,,,,,,,,,,,0,,,,,,,
9977dda0-e3b6-4c9c-b435-700ee72f615f,862,JR MAIETTA CONSTRUCTION COMPANY,JR MAIETTA CONSTRUCTION COMPANY,,14 WEST JERSEY STREET,ELIZABETH,NJ,7201,,,,,,,CORE,,false,0.00,,,,,,,2025-09-23 01:12:07.559888+00,2025-09-23 01:12:07.559888+00,,,,,,,,,,,,,,,,,,,0,,,,,,,
9a14d906-89f9-497d-884b-564d61748754,1026,EO 160 WATER LLC,EO 160 WATER LLC,,160 WATER ST,NEW YORK,NY,10038,,,,,,,CORE,,true,10311.00,,,,,,,2025-09-23 01:06:48.926422+00,2025-09-23 01:06:48.926422+00,,,,,,,,,,,,,,,,,,,0,,,,,24-00000000JD,active,
9b42f3f7-bedb-408b-ab39-b02079f5873d,13,"300 KIMBALL NJ, LLC","300 KIMBALL NJ, LLC",,"300 KIMBALL DRIVE, SUITE 100",PARSIPPANY,NJ,7054,monique.hughes@300kimballnj.com,,,,,,CORE,,true,17726.00,,,,,,,2025-09-23 00:43:14.58878+00,2025-09-23 00:43:14.58878+00,,,,,,,,,,,,,,,,,,,0,,,,,23-120522-300NJ,active,monique.hughes@300kimballnj.com
9bbce88b-709e-4f3c-9ed7-f761b65b6e19,7,1460 LEASEHOLD SWINGHM LLC,1460 LEASEHOLD SWINGHM LLC,,"C/O MERINGOFF PROPERTIES, INC.",NEW YORK,NY,10010,thowe@merprop.com,,,,,,CORE,,true,17201.00,,,,,,,2025-09-23 00:43:14.58878+00,2025-09-23 00:43:14.58878+00,,,,,,,,,,,,,,,,,,,0,,,,,21-101521-1460NY,active,thowe@merprop.com
9c73af5a-9f5a-40c8-b0bd-4c20d214bd4b,197,EAST BRUNSWICK SCHOOL DIST(ESCNJ),EAST BRUNSWICK SCHOOL DIST(ESCNJ),,760 RT 18,EAST BRUNSWICK,NJ,8816,gschenck@ebnet.org,,,,,,ASSURE,,true,239810.00,,,,,,,2025-09-23 01:06:48.926422+00,2025-09-23 01:06:48.926422+00,,,,,,,,,,,,,,,,,,,0,,,,,23-053023-760NJ; 23-061622-760NJ; 24-05073-760NJ; 25-0522-760NJ,active; expired,gschenck@ebnet.org
9d652297-3299-4d77-a305-08857e24eb33,51,AMITYVILLE UFSD (ED-DATA),AQUA TECH ENVIRONMENTAL CORP.,,150 PARK AVE.,AMITYVILLE,NY,11701,,,,,,,CORE,,false,0.00,,,,,,,2025-09-23 00:43:14.58878+00,2025-09-23 00:54:18.245539+00,,,,,,,,,,,,,,,,,,,0,,,,,,,
9e2ca293-8c2b-4b54-8d13-e11ceb10c0b7,790,DOMINION CONSTRUCTION CORP.,DOMINION CONSTRUCTION CORP.,,108 ALLEN BOULEVARD,FARMINGDALE,NY,11735,,,,,,,CORE,,false,0.00,,,,,,,2025-09-23 00:58:17.545531+00,2025-09-23 01:06:48.926422+00,,,,,,,,,,,,,,,,,,,0,,,,,,,
9f17805e-1808-4217-b6f1-91fc3afe5af9,868,BOONTON TOWNSHIP BOE (ESCNJ),AMSTERDAM NURSING HOME,,11 Valley Road,Boonton,NJ,7005,,,,,,,CORE,,false,0.00,,,,,,,2025-09-23 00:43:14.58878+00,2025-09-23 00:54:18.245539+00,,,,,,,,,,,,,,,,,,,0,,,,,,,
a0801809-809f-443b-8d73-38068a2ac44b,867,BROOKLYN VA MEDICAL CENTER,BROOKLYN VA MEDICAL CENTER,,800 Poly Place,Brooklyn,NY,11209,,,,,,,CORE,,false,0.00,,,,,,,2025-09-23 00:54:18.245539+00,2025-09-23 01:05:10.444587+00,,,,,,,,,,,,,,,,,,,0,,,,,,,
a24f1c0b-e014-4fc4-9b4a-c9f6cfd069d8,221,"ENVIRONMENTAL CLIMATE CONTROL, INC","ENVIRONMENTAL CLIMATE CONTROL, INC",,51 PATERSON AVE,WALLINGTON,NJ,7057,,,,,,,CORE,,false,0.00,,,,,,,2025-09-23 01:06:48.926422+00,2025-09-23 01:06:48.926422+00,,,,,,,,,,,,,,,,,,,0,,,,,,,
a2d75c56-29fe-4e74-be99-69f7dc99074e,229,ESSEX REGIONAL EDUCATION SERVICES COMMISS,ESSEX REGIONAL EDUCATION SERVICES COMMISS,,333 FAIRFIELD ROAD,FAIRFIELD,NJ,7004,,,,,,,CORE,,false,0.00,,,,,,,2025-09-23 01:09:10.612937+00,2025-09-23 01:09:10.612937+00,,,,,,,,,,,,,,,,,,,0,,,,,,,
a36466d6-8850-4fcf-9a14-39957c66f7b5,249,FRANKLIN TOWNSHIP B.O.E. (ESCNJ),FRANKLIN TOWNSHIP B.O.E. (ESCNJ),,1760 AMWELL ROAD,SOMERSET,NJ,8873,,,,,,,CORE,,false,0.00,,,,,,,2025-09-23 01:09:10.612937+00,2025-09-23 01:09:10.612937+00,,,,,,,,,,,,,,,,,,,0,,,,,,,
a3a520e1-d9ad-4a80-9053-69bb0d1e4dab,82,BLUMENFELD DEVELOPMENT GROUP,BLUMENFELD DEVELOPMENT GROUP,,75-20 ASTORIA BLVD,JACKSON HEIGHTS,NY,11370,,,,,,,ASSURE,,true,135150.00,,,,,,,2025-09-23 00:54:18.245539+00,2025-09-23 00:54:18.245539+00,,,,,,,,,,,,,,,,,,,0,,,,,23-113022-300NY,active,
a3dc8962-eb85-4052-b3a6-7c6364bd8bd5,1044,222 EAST BROADWAY CONDOMINIUM,222 EAST BROADWAY CONDOMINIUM,,222 EAST BROADWAY,NEW YORK,NY,10002,,,,,,,CORE,,true,17552.00,,,,,,,2025-09-23 00:43:14.58878+00,2025-09-23 00:54:18.245539+00,,,,,,,,,,,,,,,,,,,0,,,,,24-052024-232NY,active,
a4e4f61f-fd29-4c13-a040-fe5219fe6ce0,305,"HYCOR BIOMEDICAL, LLC","HYCOR BIOMEDICAL, LLC",,7272 CHAPMAN AVENUE,GARDEN GROVE,CA,92841,,,,,,,CORE,,false,0.00,,,,,,,2025-09-23 01:12:07.559888+00,2025-09-23 01:12:07.559888+00,,,,,,,,,,,,,,,,,,,0,,,,,,,
a4f615cb-f62b-4f1f-aad6-1663599d41ef,986,CITY OF NEW YORK PARKS & RECREATION DEPT,CITY OF NEW YORK PARKS & RECREATION DEPT,,FIVE BORO COMPLEX RANDALL'S ISLAND,NEW YORK,NY,10035,,,,,,,CORE,,false,0.00,,,,,,,2025-09-23 00:58:17.545531+00,2025-09-23 01:05:10.444587+00,,,,,,,,,,,,,,,,,,,0,,,,,,,
a54fa032-c417-46a7-8b68-3ec1e37635d3,1052,GDS MECHANICAL INC.,GDS MECHANICAL INC.,,"39 EAST HANOVER AVE, SUITE C-2",MORRIS PLAINS,NJ,7950,,,,,,,CORE,,false,0.00,,,,,,,2025-09-23 01:09:10.612937+00,2025-09-23 01:09:10.612937+00,,,,,,,,,,,,,,,,,,,0,,,,,,,
a5f52a09-a731-46ce-8c8b-8a09bb4a7496,978,"ALL-TECH CONTROLS, LLC","ALL-TECH CONTROLS, LLC",,485 AMHERST DRIVE,BRICK,NJ,8723,,,,,,,CORE,,false,0.00,,,,,,,2025-09-23 00:54:18.245539+00,2025-09-23 00:54:18.245539+00,,,,,,,,,,,,,,,,,,,0,,,,,,,
a60c7da4-3a24-49ed-8ce3-143a81446bba,102,BROOKLYN PUBLIC LIBRARY,BROOKLYN PUBLIC LIBRARY,,10 GRAND ARMY PLAZA,BROOKLYN,NY,11238,,,,,,,CORE,,false,0.00,,,,,,,2025-09-23 00:54:18.245539+00,2025-09-23 00:54:18.245539+00,,,,,,,,,,,,,,,,,,,0,,,,,,,
a6a8c13c-e820-4b9c-aec6-5bc5b397fb94,329,"JSP CONSTRUCTION, LLC","JSP CONSTRUCTION, LLC",,1300 EAST 6TH STREET,BROOKLYN,NY,11230,,,,,,,CORE,,false,0.00,,,,,,,2025-09-23 01:12:07.559888+00,2025-09-23 01:12:07.559888+00,,,,,,,,,,,,,,,,,,,0,,,,,,,
a6b87bc2-7271-40b4-84b7-65f0f64a4818,903,COLLINGS BUILDING SERVICES,COLLINGS BUILDING SERVICES,,24-01 44TH ROAD,LONG ISLAND CITY,NY,11101,,,,,,,CORE,,false,0.00,,,,,,,2025-09-23 00:58:17.545531+00,2025-09-23 01:05:10.444587+00,,,,,,,,,,,,,,,,,,,0,,,,,,,
a6d66164-8622-4e04-9585-848a650af06c,812,ENDO PHARMACEUTICALS INC,ENDO PHARMACEUTICALS INC,,8 Clarke Drive,Cranbury,NJ,8512,,,,,,,CORE,,false,0.00,,,,,,,2025-09-23 01:06:48.926422+00,2025-09-23 01:06:48.926422+00,,,,,,,,,,,,,,,,,,,0,,,,,,,
a7d26ac8-aa1a-4352-a11f-3f9d5c8e5b8d,234,F & G MECHANICAL CORP.,F & G MECHANICAL CORP.,,348 NEW COUNTY ROAD,SECAUCUS,NJ,7094,leek@fgmech.com,,,,,,CORE,,true,24324.11,,,,,,,2025-09-23 01:09:10.612937+00,2025-09-23 01:09:10.612937+00,,,,,,,,,,,,,,,,,,,0,,,,,22-010322-369NJ; 22-010322-389NJ; 22-020322-348NJ; 22-072822-20NJ; 23-080822-348NJ; 23-091322-348NJ; 23-091322-369NJ; 23-1222-20NJ; 23-1222-348NJ; 24-0821-20NJ; 24-0912-348NJ,active; expired,leek@fgmech.com
a7f1b9ba-e46f-4b64-b6d2-ffe5d325d9fa,52,ANDOVER REGIONAL B.O.E. (ESCNJ),ARISTOTLE CIRCLE CONDOMINIUM,,707 LIMECREST RD.,NEWTON,NJ,7860,,,,,,,CORE,,false,0.00,,,,,,,2025-09-23 00:43:14.58878+00,2025-09-23 00:54:18.245539+00,,,,,,,,,,,,,,,,,,,0,,,,,,,
a9d28e25-1702-40ce-ae23-6afb02b471e1,138,CLIFTON BOARD OF EDUCATION (ESCNJ),CLIFTON BOARD OF EDUCATION (ESCNJ),,745 CLIFTON AVE.,CLIFTON,NJ,7015,edmaldonado@cliftonschools.net,,,,,,GUARDIAN,,true,327092.00,,,,,,,2025-09-23 00:58:17.545531+00,2025-09-23 01:05:10.444587+00,,,,,,,,,,,,,,,,,,,0,,,,,22-040722-745NJ; 22-040722-CELBNJ; 23-053023-CELANJ; 24-0524-745NJ; 24-0524-CELBNJ; 25-0122-745NJ5MPR; 25-0620-745NJ,active; expired,edmaldonado@cliftonschools.net
a9e3dff9-1fe8-472e-8276-9c00da042d9c,67,BAYSIDE REFRIGERATIION INC. DBA AIRLOGIX,BAYSIDE REFRIGERATIION INC. DBA AIRLOGIX,,24-26 46TH STREET,ASTORIA,NY,11103,,,,,,,CORE,,false,0.00,,,,,,,2025-09-23 00:54:18.245539+00,2025-09-23 00:54:18.245539+00,,,,,,,,,,,,,,,,,,,0,,,,,,,
a9fb4fba-5714-4c31-a55e-be1637e20a06,76,BERTUSSIS CONTRACTING INC.,BERTUSSIS CONTRACTING INC.,,60-70 DEXTER PLAZA,PEARL RIVER,NY,10965,,,,,,,CORE,,false,0.00,,,,,,,2025-09-23 00:54:18.245539+00,2025-09-23 00:54:18.245539+00,,,,,,,,,,,,,,,,,,,0,,,,,,,
ab587000-6d63-445e-ab92-8be23bdac459,333,KENNEDY CATHOLIC HIGH SCHOOL,KENNEDY CATHOLIC HIGH SCHOOL,,201 CLIFF STREET,SOMERVILLE,NJ,8876,,,,,,,CORE,,false,0.00,,,,,,,2025-09-23 01:12:07.559888+00,2025-09-23 01:12:07.559888+00,,,,,,,,,,,,,,,,,,,0,,,,,,,
ab5f33e6-f45e-46e8-9b09-48b0f408aaf7,129,CHRISTIAN BROTHERS ACADEMY,CHRISTIAN BROTHERS ACADEMY,,850 NEWMAN SPRINGS ROAD,LINCROFT,NJ,7738,bmcloughlin@cbalincroftnj.org,,,,,,CORE,,true,20700.00,,,,,,,2025-09-23 00:54:18.245539+00,2025-09-23 00:54:18.245539+00,,,,,,,,,,,,,,,,,,,0,,,,,22-102822-850NJ,active,bmcloughlin@cbalincroftnj.org
aca4e573-89e8-4316-8998-34e898a4180a,879,DOMINICIAN ACADEMY,DOMINICIAN ACADEMY,,44 EAST 68TH STREET,MANHATTAN,NY,10065,,,,,,,CORE,,false,0.00,,,,,,,2025-09-23 00:58:17.545531+00,2025-09-23 01:06:48.926422+00,,,,,,,,,,,,,,,,,,,0,,,,,,,
acb0af8e-40fe-4565-b5e5-63882fb737c0,908,EVESHAM TOWNSHIP SCHOOL DISTRICT (ESCNJ),EVESHAM TOWNSHIP SCHOOL DISTRICT (ESCNJ),,25 SOUTH MAPLE AVENUE,MARLTON,NJ,8053,,,,,,,CORE,,true,71354.95,,,,,,,2025-09-23 01:09:10.612937+00,2025-09-23 01:09:10.612937+00,,,,,,,,,,,,,,,,,,,0,,,,,24-0703-25NJ_2,active,
ae46ed75-b94d-475d-adfd-2bffa5724eb1,828,JOHNSON CONTROLS,JOHNSON CONTROLS,,507 EAST MICHIGAN,MILWAUKEE,WI,53202,,,,,,,CORE,,false,0.00,,,,,,,2025-09-23 01:12:07.559888+00,2025-09-23 01:12:07.559888+00,,,,,,,,,,,,,,,,,,,0,,,,,,,
af8a6d33-70f4-45e8-b691-80c0d6434e15,843,LAMBERTVILLE BOARD OF EDUCATION (ESCNJ),LAMBERTVILLE BOARD OF EDUCATION (ESCNJ),,226 N. UNION STREET,LAMBERTVILLE,NJ,8530,,,,,,,CORE,,false,0.00,,,,,,,2025-09-23 01:12:07.559888+00,2025-09-23 01:12:07.559888+00,,,,,,,,,,,,,,,,,,,0,,,,,,,
b0d39710-3f9b-42a0-8513-e433b3a6b924,1039,"AMBIENT CONDITIONING, INC","AMBIENT CONDITIONING, INC",,601 King George Road,Fords,NJ,8863,,,,,,,CORE,,false,0.00,,,,,,,2025-09-23 00:54:18.245539+00,2025-09-23 00:54:18.245539+00,,,,,,,,,,,,,,,,,,,0,,,,,,,
b21f3cdd-a770-42f7-ae49-18c1aa28541d,794,HUNTERDON CENTRAL REGIONAL HIGH SCH DIST,HUNTERDON CENTRAL REGIONAL HIGH SCH DIST,,84 ROUTE 31,FLEMINGTON,NJ,8822,,,,,,,CORE,,false,0.00,,,,,,,2025-09-23 01:12:07.559888+00,2025-09-23 01:12:07.559888+00,,,,,,,,,,,,,,,,,,,0,,,,,,,
b2cab66d-03b5-4a5f-87e2-c1aace689a9f,818,ALL COAST SERVICE,ALL COAST SERVICE,,69 LAIRD AVENUE,NEPTUNE CITY,NJ,7753,,,,,,,CORE,,false,0.00,,,,,,,2025-09-23 00:54:18.245539+00,2025-09-23 00:54:18.245539+00,,,,,,,,,,,,,,,,,,,0,,,,,,,
b30f1696-6582-49d8-b6ad-9795c9436296,1006,"GELEST, INC.","GELEST, INC.",,11 East Steel Road,Morrisville,PA,19067,purchasing@gelest.com,,,,,,CORE,,false,0.00,,,,,,,2025-09-23 01:09:10.612937+00,2025-09-23 01:09:10.612937+00,,,,,,,,,,,,,,,,,,,0,,,,,,,
b3f6ef41-ca1e-4759-9fc0-b2b3a96b0a4d,749,BLOOMFIELD BOARD OF EDUCATION (ESCNJ),BLOOMFIELD BOARD OF EDUCATION (ESCNJ),,155 BROAD STREET,BLOOMFIELD,NJ,7003,jscazafave@bloomfield.k12.nj.us,,,,,,CORE,,true,34601.00,,,,,,,2025-09-23 00:54:18.245539+00,2025-09-23 00:54:18.245539+00,,,,,,,,,,,,,,,,,,,0,,,,,23-052523-155NJ,active,jscazafave@bloomfield.k12.nj.us
b47f5309-927c-4429-afa1-89eac0570ab1,926,BLUE MANAGEMENT SERVICES,BLUE MANAGEMENT SERVICES,,33 WASHINGTON ST,NEWARK,NJ,7102,,,,,,,CORE,,true,34848.00,,,,,,,2025-09-23 00:54:18.245539+00,2025-09-23 00:54:18.245539+00,,,,,,,,,,,,,,,,,,,0,,,,,24-042424-289NJ,active,
b57cb091-9e1a-4276-ab71-d831e2bfc96c,984,EAST HARLEM SCHOLAR ACAD CHARTER SCHOOL,EAST HARLEM SCHOLAR ACAD CHARTER SCHOOL,,2017 1ST AVENUE,NEW YORK,NY,10029,,,,,,,CORE,,true,18832.00,,,,,,,2025-09-23 01:06:48.926422+00,2025-09-23 01:06:48.926422+00,,,,,,,,,,,,,,,,,,,0,,,,,24-0823-2017NY,active,
b5a64676-0578-456c-a20c-58fa50130bea,125,CENTER FOR URBAN COMMUNITY SERVICES,CENTER FOR URBAN COMMUNITY SERVICES,,312 WEST 127TH STREET,NEW YORK,NY,10027,,,,,,,CORE,,true,28000.00,,,,,,,2025-09-23 00:54:18.245539+00,2025-09-23 00:54:18.245539+00,,,,,,,,,,,,,,,,,,,0,,,,,23-121522-312NY,active,
b6faa1da-80aa-486e-ae90-6c8ef37f57d7,298,HOPE SCHOOL DISTRICT (ESCNJ),HOPE SCHOOL DISTRICT (ESCNJ),,8 PARK AVENUE,HOPE,NJ,7844,,,,,,,CORE,,false,0.00,,,,,,,2025-09-23 01:12:07.559888+00,2025-09-23 01:12:07.559888+00,,,,,,,,,,,,,,,,,,,0,,,,,,,
b7119fad-a00c-4b36-8cf9-3f4dad673f57,156,COUNTY OF MORRIS,COUNTY OF MORRIS,,DEPARTMENT OF FINANCE,MORRISTOWN,NJ,07963-0900,mcpurchasing@co.morris.nj.us,,,,,,CORE,,true,0.00,,,,,,,2025-09-23 00:58:17.545531+00,2025-09-23 01:05:10.444587+00,,,,,,,,,,,,,,,,,,,0,,,,,B20-158,active,mcpurchasing@co.morris.nj.us
b78bb505-60bf-482b-8151-bef5ceb92713,240,FIRST CHOICE MECHANICAL INC,FIRST CHOICE MECHANICAL INC,,92-13 183RD STREET,JAMAICA,NY,11423,,,,,,,CORE,,false,0.00,,,,,,,2025-09-23 01:09:10.612937+00,2025-09-23 01:09:10.612937+00,,,,,,,,,,,,,,,,,,,0,,,,,,,
b865fcca-7ae5-450c-8446-5b45a989bb0e,130,CHRISTIAN HEALTH CARE CENTER,CHRISTIAN HEALTH CARE CENTER,,301 SICOMAC AVE.,WYCKOFF,NJ,7481,,,,,,,CORE,,false,0.00,,,,,,,2025-09-23 00:54:18.245539+00,2025-09-23 00:54:18.245539+00,,,,,,,,,,,,,,,,,,,0,,,,,,,
b868b0da-bb10-45e1-8d9d-254a052a2495,107,BUIST INCORPORATED,BUIST INCORPORATED,,860 GEORGES ROAD,MONMOUTH JUNCTION,NJ,8852,paul@buistinc.com,,,,,,CORE,,false,0.00,,,,,,,2025-09-23 00:54:18.245539+00,2025-09-23 00:54:18.245539+00,,,,,,,,,,,,,,,,,,,0,,,,,22-032122-860NJ,expired,
b88102cb-1c9c-40ff-94af-b888fe55beff,914,DEPARTMENT OF CHILDREN&FAMILIES,DEPARTMENT OF CHILDREN&FAMILIES,,"STATE OF NEW JERSEY
REGIONAL SCHOOL ESSEX CAMPUS
395-97 NORTH 5TH STREET",NEWARK,NJ,7107,,,,,,,CORE,,false,0.00,,,,,,,2025-09-23 00:58:17.545531+00,2025-09-23 01:06:48.926422+00,,,,,,,,,,,,,,,,,,,0,,,,,,,
b967dec3-fb99-4ef2-a9e0-bcfe7995bd1b,795,EVCO MECHANICAL,EVCO MECHANICAL,,44 STANDISH AVENUE,WEST ORANGE,NJ,7052,,,,,,,CORE,,false,0.00,,,,,,,2025-09-23 01:09:10.612937+00,2025-09-23 01:09:10.612937+00,,,,,,,,,,,,,,,,,,,0,,,,,,,
b9d9d68b-1d26-460e-89e8-a1ce4679add7,37,AIR STREAM AIR CONDITIONING CORP,AIR STREAM AIR CONDITIONING CORP,,400 CROSSWAYS PARK DRIVE,WOODBURY,NY,11797,dmorrill@airstreamac.com,,,,,,CORE,,false,0.00,,,,,,,2025-09-23 00:54:18.245539+00,2025-09-23 00:54:18.245539+00,,,,,,,,,,,,,,,,,,,0,,,,,22-040422-400NY,expired,
ba53d371-dd52-408b-a104-e994733ba972,324,J.J. WHITE INC.,J.J. WHITE INC.,,333 THORNALL STREET,EDISON,NJ,8837,,,,,,,CORE,,false,0.00,,,,,,,2025-09-23 01:12:07.559888+00,2025-09-23 01:12:07.559888+00,,,,,,,,,,,,,,,,,,,0,,,,,,,
ba98a1a9-7262-4c31-9fee-66e7dd0b9be1,122,CEDAR GROVE SCHOOL DISTRICT (ESCNJ),CEDAR GROVE SCHOOL DISTRICT (ESCNJ),,520 POMPTON AVE.,CEDAR GROVE,NJ,7009,bannonj@cgschools.org,,,,,,CORE,,true,10413.97,,,,,,,2025-09-23 00:54:18.245539+00,2025-09-23 00:54:18.245539+00,,,,,,,,,,,,,,,,,,,0,,,,,11619,active,bannonj@cgschools.org
bb8900e4-dc67-45c3-88e8-03b8192f5ad1,81,BLU DOT HQ,BLU DOT HQ,,1321 TYLER ST. NE,MINNEAPOLIS,MN,55413,kweber@bludot.com,,,,,,CORE,,true,3965.00,,,,,,,2025-09-23 00:54:18.245539+00,2025-09-23 00:54:18.245539+00,,,,,,,,,,,,,,,,,,,0,,,,,22-011322-79NY,active,kweber@bludot.com
bd2ec54b-3f85-4914-b58b-fe819169fbea,339,LAFAYETTE TOWNSHIP SCHOOL DISTRICT (ESCN,LAFAYETTE TOWNSHIP SCHOOL DISTRICT (ESCN,,20 LUFFBURROW ROAD,LAFAYETTE,NJ,7848,,,,,,,CORE,,false,0.00,,,,,,,2025-09-23 01:12:07.559888+00,2025-09-23 01:12:07.559888+00,,,,,,,,,,,,,,,,,,,0,,,,,,,
bd5b0992-913f-4fac-a579-eb70a3766849,272,"GRUNDMAN MECHANICAL SYSTEMS, INC.","GRUNDMAN MECHANICAL SYSTEMS, INC.",,835 FRANKLIN AVE.,THORNWOOD,NY,10594,,,,,,,CORE,,false,0.00,,,,,,,2025-09-23 01:09:10.612937+00,2025-09-23 01:09:10.612937+00,,,,,,,,,,,,,,,,,,,0,,,,,,,
be774199-3a3a-4569-807b-b886a83983ae,953,AINSWORTH INC.,AINSWORTH INC.,,83-40 72nd Drive,Glendale,NY,11385,,,,,,,CORE,,false,0.00,,,,,,,2025-09-23 00:54:18.245539+00,2025-09-23 00:54:18.245539+00,,,,,,,,,,,,,,,,,,,0,,,,,,,
be93f3bf-32ee-40f7-81b9-b772c911186e,773,CHURCH OF SCIENTOLOGY OF HARLEM,CHURCH OF SCIENTOLOGY OF HARLEM,,228 EAST 125TH STREET,NEW YORK,NY,10035,,,,,,,CORE,,false,0.00,,,,,,,2025-09-23 00:58:17.545531+00,2025-09-23 01:05:10.444587+00,,,,,,,,,,,,,,,,,,,0,,,,,,,
bf0f1d72-e4f9-402c-84c9-c80a41f87a8b,763,ALL COUNTY MECHANICAL CONTRACTING,ALL COUNTY MECHANICAL CONTRACTING,,56 MCKINLEY STREET,HACKENSACK,NJ,7601,,,,,,,CORE,,false,0.00,,,,,,,2025-09-23 00:54:18.245539+00,2025-09-23 00:54:18.245539+00,,,,,,,,,,,,,,,,,,,0,,,,,,,
bf5a9582-087b-4a58-a299-27a1a4005835,35,"AIR IDEAL, INC.","AIR IDEAL, INC.",,51 WINDSOR AVE.,MINEOLA,NY,11501,,,,,,,CORE,,false,0.00,,,,,,,2025-09-23 00:54:18.245539+00,2025-09-23 00:54:18.245539+00,,,,,,,,,,,,,,,,,,,0,,,,,,,
bf857b58-0300-44ea-b83a-b68a13a74b3a,888,"EIA CONSTRUCTORS, INC.","EIA CONSTRUCTORS, INC.",,8 RIDGEDALE AVE,CEDAR KNOLLS,NJ,7927,,,,,,,CORE,,false,0.00,,,,,,,2025-09-23 01:06:48.926422+00,2025-09-23 01:06:48.926422+00,,,,,,,,,,,,,,,,,,,0,,,,,,,
c1359a40-fad6-48c5-a0a1-a97686eacbdd,905,1425 HUDSON STREET CONDOMINIUM ASSOC.,1425 HUDSON STREET CONDOMINIUM ASSOC.,,1425 HUDSON STREET,HOBOKEN,NJ,7030,,,,,,,CORE,,false,0.00,,,,,,,2025-09-23 00:54:18.245539+00,2025-09-23 00:54:18.245539+00,,,,,,,,,,,,,,,,,,,0,,,,,,,
c24fac00-cb2c-4836-977f-ca95c7e5c3ef,774,30 EAST CONDO,30 EAST CONDO,,1 PENN PLAZA,NEW YORK,NY,10001,,,,,,,CORE,,false,0.00,,,,,,,2025-09-23 00:54:18.245539+00,2025-09-23 00:54:18.245539+00,,,,,,,,,,,,,,,,,,,0,,,,,,,
c255a526-ed57-43df-97df-fa5e5b6c375d,793,"CANNON MECHANICAL, INC.","CANNON MECHANICAL, INC.",,75-17 COOPER AVENUE,GLENDALE,NY,11385,,,,,,,CORE,,false,0.00,,,,,,,2025-09-23 00:54:18.245539+00,2025-09-23 01:05:10.444587+00,,,,,,,,,,,,,,,,,,,0,,,,,,,
c27781f5-439f-4af2-9ad7-ee79c9c49b2f,864,"AUCTA PHARMACEUTICALS, INC","AUCTA PHARMACEUTICALS, INC",,71 SUTTONS LANE,PISCATAWAY,NJ,8854,bob.gao@auctapharma.com,,,,,,CORE,,false,0.00,,,,,,,2025-09-23 00:54:18.245539+00,2025-09-23 00:54:18.245539+00,,,,,,,,,,,,,,,,,,,0,,,,,,,
c37255a5-40d0-4b43-9353-96d2ea7518dc,49,AME INC,AME INC,,1275 BLOOMFIELD AVE,FAIRFIELD,NJ,7004,danny@ame-inc.com,,,,,,CORE,,true,10500.00,,,,,,,2025-09-23 00:43:14.58878+00,2025-09-23 00:43:14.58878+00,,,,,,,,,,,,,,,,,,,0,,,,,23-123122-1275NJ,active,danny@ame-inc.com
c4dd39b0-79bc-4f5d-9d53-7cb93783d7a3,252,FRENCHTOWN BOARD OF EDUCATION,FRENCHTOWN BOARD OF EDUCATION,,902 HARRISON STREET,FRENCHTOWN,NJ,8825,,,,,,,CORE,,false,0.00,,,,,,,2025-09-23 01:09:10.612937+00,2025-09-23 01:09:10.612937+00,,,,,,,,,,,,,,,,,,,0,,,,,,,
c503286a-b115-43ca-823e-f4b05428d859,193,EACM CORP,EACM CORP,,1070 OCEAN AVENUE,SEA BRIGHT,NJ,7760,,,,,,,CORE,,false,0.00,,,,,,,2025-09-23 01:06:48.926422+00,2025-09-23 01:06:48.926422+00,,,,,,,,,,,,,,,,,,,0,,,,,,,
c54f3847-56f8-4865-b31a-1ab86302956b,915,BUTLER BOARD OF EDUCATION,BUTLER BOARD OF EDUCATION,,38 BARTHOLDI AVENUE,BUTLER,NJ,7405,,,,,,,CORE,,true,27552.00,,,,,,,2025-09-23 00:54:18.245539+00,2025-09-23 01:05:10.444587+00,,,,,,,,,,,,,,,,,,,0,,,,,24-042424-289NJ; 25-0515-38NJ,active; expired,
c56ca6d1-95f8-49b1-8f89-6c1d1d88897e,1016,BEAM LIVING,BEAM LIVING,,276 FIRST AVE.,Loop New York,NY,10009,,,,,,,ASSURE,,true,106877.08,,,,,,,2025-09-23 00:54:18.245539+00,2025-09-23 00:54:18.245539+00,,,,,,,,,,,,,,,,,,,0,,,,,24-121724-NY_rev1,active,
c654d4fc-efc6-484e-805e-fd9f531373be,954,"ARMISTEAD MECHANICAL, INC","ARMISTEAD MECHANICAL, INC",,168 HOPPER AVENUE,WALDWICK,NJ,7463,,,,,,,CORE,,false,0.00,,,,,,,2025-09-23 00:54:18.245539+00,2025-09-23 00:54:18.245539+00,,,,,,,,,,,,,,,,,,,0,,,,,,,
c661550a-6270-4cb1-ab24-80f4e14c4ad9,202,ECHELON SERVICES LLC,ECHELON SERVICES LLC,,159 MERRIAM AVE,NEWTON,NJ,7860,,,,,,,CORE,,false,0.00,,,,,,,2025-09-23 01:06:48.926422+00,2025-09-23 01:06:48.926422+00,,,,,,,,,,,,,,,,,,,0,,,,,,,
c75a36eb-16c0-4032-894e-752f254d4796,70,BELLEVILLE BOARD OF EDUCATION,BELLEVILLE BOARD OF EDUCATION,,56 RALPH STREET,BELLEVILLE,NJ,7109,,,,,,,CORE,,false,0.00,,,,,,,2025-09-23 00:54:18.245539+00,2025-09-23 00:54:18.245539+00,,,,,,,,,,,,,,,,,,,0,,,,,,,
c901d4db-09d5-4563-864e-5ffcde6ff6fa,245,FLORIDA UFSD (ED-DATA),FLORIDA UFSD (ED-DATA),,51 NORTH MAIN STREET,FLORIDA,NY,10921-0757,,,,,,,CORE,,false,0.00,,,,,,,2025-09-23 01:09:10.612937+00,2025-09-23 01:09:10.612937+00,,,,,,,,,,,,,,,,,,,0,,,,,,,
c9244bb5-9e45-4954-9c70-89d2595cbbfe,303,HVAC AND BEYOND,HVAC AND BEYOND,,226A N. MAPLE AVE.,MARLTON,NJ,8053,,,,,,,CORE,,false,0.00,,,,,,,2025-09-23 01:12:07.559888+00,2025-09-23 01:12:07.559888+00,,,,,,,,,,,,,,,,,,,0,,,,,,,
c939cdc7-e210-4c9a-bf35-9ac6f863e23c,54,AQUA-THERM PLUMBING & HEATING,AQUA-THERM PLUMBING & HEATING,,7 BERYL STREET,SOUTH RIVER,NJ,8882,,,,,,,CORE,,false,0.00,,,,,,,2025-09-23 00:54:18.245539+00,2025-09-23 00:54:18.245539+00,,,,,,,,,,,,,,,,,,,0,,,,,,,
caf38321-dcff-4d0d-8838-39f9148e3f4e,823,BERLITZ,BERLITZ,,"7 ROSZEL ROAD, 3RD FLOOR",PRINCETON,NJ,8540,,,,,,,CORE,,false,0.00,,,,,,,2025-09-23 00:54:18.245539+00,2025-09-23 00:54:18.245539+00,,,,,,,,,,,,,,,,,,,0,,,,,,,
cd21a94d-2158-4743-a194-e9b71db3a460,235,FACTORY LESSOR LLC,FACTORY LESSOR LLC,,"C/O ATLAS CAPITAL GROUP, LLC",NEW YORK,NY,10022,emckelvey@atlas-cap.com,,,,,,CORE,,true,4896.00,,,,,,,2025-09-23 01:09:10.612937+00,2025-09-23 01:09:10.612937+00,,,,,,,,,,,,,,,,,,,0,,,,,23-021023-450NY; 24-0105-450NY,active; expired,emckelvey@atlas-cap.com
d1c01cc6-df12-4672-a7f3-21991d349c09,232,EXECUTIVE IV NORTH ASSOCIATES (LYNMARK),EXECUTIVE IV NORTH ASSOCIATES (LYNMARK),,4 EXECUTIVE BLVD.  SUITE 200,SUFFERN,NY,10901,,,,,,,CORE,,false,0.00,,,,,,,2025-09-23 01:09:10.612937+00,2025-09-23 01:09:10.612937+00,,,,,,,,,,,,,,,,,,,0,,,,,,,
d3038fb9-6ef8-4c26-ae74-074c1ce7b868,171,D&B SERVICE GROUP LLC (A/R),D&B SERVICE GROUP LLC (A/R),,"2 CLERICO LN, SUITE 210",HILLSBOROUGH,NJ,8844,,,,,,,CORE,,false,0.00,,,,,,,2025-09-23 00:58:17.545531+00,2025-09-23 01:05:10.444587+00,,,,,,,,,,,,,,,,,,,0,,,,,,,
d3808766-ba1f-4c92-b882-f0d9f35974ed,1059,"DAYLIGHT TRANSPORT, LLC","DAYLIGHT TRANSPORT, LLC",,5660 KATELLA AVENUE,CYPRESS,CA,90630,,,,,,,CORE,,false,0.00,,,,,,,2025-09-23 00:58:17.545531+00,2025-09-23 01:05:10.444587+00,,,,,,,,,,,,,,,,,,,0,,,,,,,
d477eb97-7080-4f1c-a546-89520957ca59,284,HAMPTON SCHOOL DISTRICT (ESCNJ),HAMPTON SCHOOL DISTRICT (ESCNJ),,32-41 SOUTH STREET,HAMPTON,NJ,8827,jschlessinger@hamptonpublicschool.org,,,,,,CORE,,true,4100.00,,,,,,,2025-09-23 01:09:10.612937+00,2025-09-23 01:09:10.612937+00,,,,,,,,,,,,,,,,,,,0,,,,,23-071223-32NJ; 23-072822-32NJ; 24-0524-32NJ,active; expired,jschlessinger@hamptonpublicschool.org
d4d73c0b-1ed7-4b0f-a017-c428beec1ea4,53,ANRON AIR SYSTEMS,ARMOUR CORRECTIONAL HEALTH SERVICES,,440 WYANDANCH AVE,N. BABYLON,NY,11704,,,,,,,CORE,,false,0.00,,,,,,,2025-09-23 00:43:14.58878+00,2025-09-23 00:54:18.245539+00,,,,,,,,,,,,,,,,,,,0,,,,,,,
d6b9afae-9480-4a76-b3f4-bd613610740a,19,693 FIFTH OWNER LLC,693 FIFTH OWNER LLC,,C/O COLLIERS TRI-STATE MGMNT.,NEW YORK,NY,10036,thomas.hardman@colliers.com,,,,,,CORE,,true,57192.00,,,,,,,2025-09-23 00:43:14.58878+00,2025-09-23 00:43:14.58878+00,,,,,,,,,,,,,,,,,,,0,,,,,21-051021-693NY,active,thomas.hardman@colliers.com
d6c8113f-d098-424f-8fef-14ebdd5b20d4,258,GEORGE S. HALL INC.,GEORGE S. HALL INC.,,4 GATEHALL DRIVE,PARSIPPANY,NJ,7054,dean.clark@gshgroup.com,,,,,,CORE,,true,5663.00,,,,,,,2025-09-23 01:09:10.612937+00,2025-09-23 01:09:10.612937+00,,,,,,,,,,,,,,,,,,,0,,,,,23-021323-96NJ; 24-0205-96NJ; 25-0213-96NJ,active; expired,dean.clark@gshgroup.com
d740f75f-dfc2-48d7-8734-8872b1e20f72,1017,ENERGY MANAGEMENT SYSTEMS,ENERGY MANAGEMENT SYSTEMS,,P.O. BOX 335,RAMSEY,NJ,7446,,,,,,,CORE,,false,0.00,,,,,,,2025-09-23 01:06:48.926422+00,2025-09-23 01:06:48.926422+00,,,,,,,,,,,,,,,,,,,0,,,,,,,
d7fb20e4-f8c7-490a-9624-8bebcdba42bf,87,BON SECOURS COMMUNITY HOSPITAL,BON SECOURS COMMUNITY HOSPITAL,,160 E. MAIN STREET,PORT JERVIS,NY,12771,jeannine.lynch@wmchealth.org,,,,,,CORE,,true,14445.24,,,,,,,2025-09-23 00:54:18.245539+00,2025-09-23 00:54:18.245539+00,,,,,,,,,,,,,,,,,,,0,,,,,22-091422-160NY,active,jeannine.lynch@wmchealth.org
d8ca3f44-308d-4b87-bef1-58227fcc0007,779,"G/BA COMMISSIONING SERVICES, INC.","G/BA COMMISSIONING SERVICES, INC.",,"36-42 NEWARK STREET, SUITE 402",HOBOKEN,NJ,7030,,,,,,,CORE,,false,0.00,,,,,,,2025-09-23 01:09:10.612937+00,2025-09-23 01:09:10.612937+00,,,,,,,,,,,,,,,,,,,0,,,,,,,
d8e4e897-66db-4490-a18a-a547a14a59ec,1032,1200 MT. KEMBLE KM LLC,1200 MT. KEMBLE KM LLC,,1200 MT. KEMBLE AVE,MORRISTOWN,NJ,7960,,,,,,,CORE,,false,0.00,,,,,,,2025-09-23 00:54:18.245539+00,2025-09-23 00:54:18.245539+00,,,,,,,,,,,,,,,,,,,0,,,,,,,
d930c414-c9e5-45d1-9478-20ef3f67580a,900,"1401 VALLEY ROAD, LLC.","1401 VALLEY ROAD, LLC.",,1 MARINE PLAZA,NORTH BERGEN,NJ,7047,,,,,,,CORE,,false,0.00,,,,,,,2025-09-23 00:54:18.245539+00,2025-09-23 00:54:18.245539+00,,,,,,,,,,,,,,,,,,,0,,,,,,,
da4833ff-2bbc-4bd6-ba5e-ea3f29c93abc,157,COUNTY OF ORANGE NY,COUNTY OF ORANGE NY,,C/O DEPT. OF PUBLIC WORKS,GOSHEN,NY,10924,bconklin@orangecountygov.com,,,,,,CORE,,true,0.00,,,,,,,2025-09-23 00:58:17.545531+00,2025-09-23 01:05:10.444587+00,,,,,,,,,,,,,,,,,,,0,,,,,,active; expired,bconklin@orangecountygov.com
da937544-7afa-41e0-9f0e-89a6c508cf5b,857,DPR CONSTRUCTION,DPR CONSTRUCTION,,1090 King Georges Post Road,Edison,NJ,8837,,,,,,,CORE,,false,0.00,,,,,,,2025-09-23 01:06:48.926422+00,2025-09-23 01:06:48.926422+00,,,,,,,,,,,,,,,,,,,0,,,,,,,
daa260e9-1010-4d83-b55e-ba9213c56ae7,280,HAMILTON TOWNSHIP BOE,HAMILTON TOWNSHIP BOE,,90 PARK AVENUE,HAMILTON,NJ,8690,,,,,,,CORE,,false,0.00,,,,,,,2025-09-23 01:09:10.612937+00,2025-09-23 01:09:10.612937+00,,,,,,,,,,,,,,,,,,,0,,,,,,,
dace97cb-8d69-493d-a00c-31547b83050a,1014,ENGLEWOOD HOSPITAL AND MED CTR,ENGLEWOOD HOSPITAL AND MED CTR,,350 Engle Street,Englewood,NJ,7631,,,,,,,CORE,,false,0.00,,,,,,,2025-09-23 01:06:48.926422+00,2025-09-23 01:06:48.926422+00,,,,,,,,,,,,,,,,,,,0,,,,,,,
dbfe1c54-e120-4709-8036-4a41aeb3e728,767,DOVER BOARD OF EDUCATION (ESCNJ),DOVER BOARD OF EDUCATION (ESCNJ),,21 BELMONT AVENUE,DOVER,NJ,7801,,,,,,,CORE,,false,0.00,,,,,,,2025-09-23 01:06:48.926422+00,2025-09-23 01:06:48.926422+00,,,,,,,,,,,,,,,,,,,0,,,,,,,
dd5dbde8-b4fb-46a1-b59f-19dc7e05a24f,21,A.SAIA & SON HEATING & AIR,A.SAIA & SON HEATING & AIR,,27-29N NORTH 8TH STREET,BELLEVILLE,NJ,7109,,,,,,,CORE,,false,0.00,,,,,,,2025-09-23 00:54:18.245539+00,2025-09-23 00:54:18.245539+00,,,,,,,,,,,,,,,,,,,0,,,,,,,
debebcce-d7fd-4f0c-8b96-32693ff82c0c,1037,100 SOUTHGATE KM LLC,100 SOUTHGATE KM LLC,,100 SOUTHGATE PARKWAY,MORRISTOWN,NJ,7960,,,,,,,CORE,,false,0.00,,,,,,,2025-09-23 00:54:18.245539+00,2025-09-23 00:54:18.245539+00,,,,,,,,,,,,,,,,,,,0,,,,,,,
df4e26a8-e306-4bef-8e5d-395f71863ee5,792,EJS NEW YORK,EJS NEW YORK,,ONE PENN PLAZA 1 PENN PLAZA SUITE 2014,NEW YORK,NY,10001,,,,,,,CORE,,false,0.00,,,,,,,2025-09-23 01:06:48.926422+00,2025-09-23 01:06:48.926422+00,,,,,,,,,,,,,,,,,,,0,,,,,,,
df5c5017-05fc-4dcc-ba70-138ab1b08ab8,1003,JOHNSON & JOHNSON,JOHNSON & JOHNSON,,1 Johnson & Johnson Plaza,New Brunswick,NJ,8933,,,,,,,CORE,,false,0.00,,,,,,,2025-09-23 01:12:07.559888+00,2025-09-23 01:12:07.559888+00,,,,,,,,,,,,,,,,,,,0,,,,,,,
e0c74181-df19-4d2f-b2df-1529f6d68b99,105,BTCT (STEINER RT 202),BTCT (STEINER RT 202),,C/O STEINER EQUITIES GROUP LLC,ROSELAND,NJ,07068-1696,sph@steinereq.net,,,,,,CORE,,true,8500.00,,,,,,,2025-09-23 00:54:18.245539+00,2025-09-23 00:54:18.245539+00,,,,,,,,,,,,,,,,,,,0,,,,,23-010923-75NJ,active,sph@steinereq.net
e0d15b91-e7fc-49f8-969c-bcd6d5a33c25,1005,FRANKLIN BOROUGH B.O.E. (ESCNJ),FRANKLIN BOROUGH B.O.E. (ESCNJ),,50 WASHINGTON AVE,FRANKLIN,NJ,7416,,,,,,,CORE,,false,0.00,,,,,,,2025-09-23 01:09:10.612937+00,2025-09-23 01:09:10.612937+00,,,,,,,,,,,,,,,,,,,0,,,,,,,
e10d485a-7b00-48a6-bb82-428315e169fc,1045,"ARE-NY REGION NO.2, LLC","ARE-NY REGION NO.2, LLC",,30-02 48TH AVENUE,LONG ISLAND,NY,11101,,,,,,,CORE,,true,16952.00,,,,,,,2025-09-23 00:54:18.245539+00,2025-09-23 00:54:18.245539+00,,,,,,,,,,,,,,,,,,,0,,,,,25-031025-320NY,active,
e14f0683-fe3e-4fea-aa84-0e9327c2d575,327,"JP MECHANICAL, INC.","JP MECHANICAL, INC.",,107 ROUTE 130 SOUTH,CINNAMINSON,NJ,8077,,,,,,,CORE,,false,0.00,,,,,,,2025-09-23 01:12:07.559888+00,2025-09-23 01:12:07.559888+00,,,,,,,,,,,,,,,,,,,0,,,,,,,
e1dcf15a-c013-4cbc-9ab3-8e10be09d3e8,309,IMMACULATE CONCEPTION PREP SCHOOL,IMMACULATE CONCEPTION PREP SCHOOL,,2000 CEDAR STREET,MONTCLAIR,NJ,7042,,,,,,,CORE,,true,11916.00,,,,,,,2025-09-23 01:12:07.559888+00,2025-09-23 01:12:07.559888+00,,,,,,,,,,,,,,,,,,,0,,,,,23-090722-2000NJ; 24-090924-2000NJ,active; expired,
e2a3d5cb-5ae3-4121-ab4b-a6b83efd4751,90,BOROUGH OF WANAQUE,BOROUGH OF WANAQUE,,579 RINGWOOD AVE.,WANAQUE,NJ,7465,,,,,,,CORE,,false,0.00,,,,,,,2025-09-23 00:54:18.245539+00,2025-09-23 00:54:18.245539+00,,,,,,,,,,,,,,,,,,,0,,,,,,,
e4cdfab3-53cd-42d0-8b3a-43e6e7fbf720,1036,60 COLUMBIA KM LLC,60 COLUMBIA KM LLC,,60 COLUMBIA ROAD,MORRISTOWN,NJ,7960,,,,,,,CORE,,false,0.00,,,,,,,2025-09-23 00:54:18.245539+00,2025-09-23 00:54:18.245539+00,,,,,,,,,,,,,,,,,,,0,,,,,,,
e4d9faed-403f-4570-a734-aea9f380ced6,256,GAP INC.,GAP INC.,,ACCOUNTS PAYABLE,ALBUQUERQUE,NM,87102,,,,,,,CORE,,true,13284.00,,,,,,,2025-09-23 01:09:10.612937+00,2025-09-23 01:09:10.612937+00,,,,,,,,,,,,,,,,,,,0,,,,,21-111121-55NY-R2; 25-111121-55NY-R2,active; expired,
e52b4a5f-ef20-499f-b059-f3531f21e73d,44,ALLENDALE BOARD OF EDUCATION,ALLENDALE BOARD OF EDUCATION,,100 BROOKSIDE AVE.,ALLENDALE,NJ,7401,,,,,,,CORE,,false,0.00,,,,,,,2025-09-23 00:54:18.245539+00,2025-09-23 00:54:18.245539+00,,,,,,,,,,,,,,,,,,,0,,,,,,,
e57c17d1-5cc9-4fba-8b9e-11bfe7e35cda,740,EDUCATIONAL SERVICES COMM OF NJ (ESCNJ),EDUCATIONAL SERVICES COMM OF NJ (ESCNJ),,1660 STELTON ROAD,PISCATAWAY,NJ,8854,,,,,,,CORE,,false,0.00,,,,,,,2025-09-23 01:06:48.926422+00,2025-09-23 01:06:48.926422+00,,,,,,,,,,,,,,,,,,,0,,,,,23-0627-1660NJ,expired,
e606e020-8d34-4aa9-99cb-579a6b0ddb28,924,HOSPITAL FOR SPECIAL SURGERY,HOSPITAL FOR SPECIAL SURGERY,,535 EAST 70TH STREET,NEW YORK,NY,10021,,,,,,,CORE,,false,0.00,,,,,,,2025-09-23 01:12:07.559888+00,2025-09-23 01:12:07.559888+00,,,,,,,,,,,,,,,,,,,0,,,,,,,
e75730f9-02a4-4495-a379-f905a90ee85c,146,COMFORT MECHANICAL CORP.,COMFORT MECHANICAL CORP.,,PO BOX 4135,LONG BRANCH,NJ,7740,,,,,,,CORE,,false,0.00,,,,,,,2025-09-23 00:58:17.545531+00,2025-09-23 01:05:10.444587+00,,,,,,,,,,,,,,,,,,,0,,,,,,,
e978e49a-00f1-4ca7-9e0a-870d76e1c8e6,805,ANDERSON COMPANIES,ANDERSON COMPANIES,,368 PASSAIC AVENUE,FAIRFIELD,NJ,7004,,,,,,,CORE,,false,0.00,,,,,,,2025-09-23 00:54:18.245539+00,2025-09-23 00:54:18.245539+00,,,,,,,,,,,,,,,,,,,0,,,,,,,
ec2d685e-f8bc-43a5-be58-48098ed28b74,859,KNOWLES SCHOOL DISTRICT (ESCNJ),KNOWLES SCHOOL DISTRICT (ESCNJ),,20 KNOWLES AVENUE,KNOWLES,NJ,7844,,,,,,,CORE,,false,0.00,,,,,,,2025-09-23 01:12:07.559888+00,2025-09-23 01:12:07.559888+00,,,,,,,,,,,,,,,,,,,0,,,,,,,
ec53fe54-ff4d-4ae4-9750-f16fcb227b89,183,DNJ MECHANICAL,DNJ MECHANICAL,,55-05 FLUSHING AVE.,MASPETH,NY,11378,,,,,,,CORE,,false,0.00,,,,,,,2025-09-23 00:58:17.545531+00,2025-09-23 01:06:48.926422+00,,,,,,,,,,,,,,,,,,,0,,,,,,,
eddb4190-565f-4bb3-a068-5b4f6840677e,1024,HVAC RESOURCES,HVAC RESOURCES,,5230 SOUTH WABASH AVENUE,CHICAGO,IL,60615,,,,,,,CORE,,false,0.00,,,,,,,2025-09-23 01:12:07.559888+00,2025-09-23 01:12:07.559888+00,,,,,,,,,,,,,,,,,,,0,,,,,,,
edece886-e637-4d18-abea-04869feedc46,782,BEDFORD AVENUE TRS LLC,BEDFORD AVENUE TRS LLC,,485 7TH AVENUE,NEW YORK,NY,10018,carlos.lorenzo@moxywilliamsburg.com,,,,,,CORE,,true,14957.00,,,,,,,2025-09-23 00:54:18.245539+00,2025-09-23 00:54:18.245539+00,,,,,,,,,,,,,,,,,,,0,,,,,23-032723-353NY,active,carlos.lorenzo@moxywilliamsburg.com
ef038c84-7ff0-4569-a14a-36f7f7e76f98,98,"BRIGHTCORE ENERGY, LLC","BRIGHTCORE ENERGY, LLC",,80 BUSINESS PARK DRIVE #211,ARMONK,NY,10504,,,,,,,CORE,,false,0.00,,,,,,,2025-09-23 00:54:18.245539+00,2025-09-23 00:54:18.245539+00,,,,,,,,,,,,,,,,,,,0,,,,,,,
effa28f0-ed04-48e1-a5c6-e2a944d43fc6,33,AIR CONTROL MECHANICAL,AIR CONTROL MECHANICAL,,24A WORLDS FAIR DRIVE,SOMERSET,NJ,8873,,,,,,,CORE,,false,0.00,,,,,,,2025-09-23 00:54:18.245539+00,2025-09-23 00:54:18.245539+00,,,,,,,,,,,,,,,,,,,0,,,,,,,
f013dae7-9379-4345-acdc-b43b8ade4209,29,ADAMS & COMPANY,ADAMS & COMPANY,,411 FIFTH AVENUE,NEW YORK,NY,10016,,,,,,,CORE,,true,17600.00,,,,,,,2025-09-23 00:43:14.58878+00,2025-09-23 00:43:14.58878+00,,,,,,,,,,,,,,,,,,,0,,,,,25-0528-411NY-1LE,active,
f1a887df-96ad-4a81-a613-51b60fa8cad5,336,KITTATINNY REGIONAL HIGH SCHOOL (ESCNJ),KITTATINNY REGIONAL HIGH SCHOOL (ESCNJ),,77 HALSEY ROAD,NEWTON,NJ,7860,,,,,,,CORE,,false,0.00,,,,,,,2025-09-23 01:12:07.559888+00,2025-09-23 01:12:07.559888+00,,,,,,,,,,,,,,,,,,,0,,,,,,,
f1c148d5-5eeb-4191-b8e7-374c75db6bac,342,LAKELAND REGIONAL HIGH SCHOOL (ESCNJ),LAKELAND REGIONAL HIGH SCHOOL (ESCNJ),,205 CONKLINTOWN ROAD,WANAQUE,NJ,7465,,,,,,,CORE,,false,0.00,,,,,,,2025-09-23 01:12:07.559888+00,2025-09-23 01:12:07.559888+00,,,,,,,,,,,,,,,,,,,0,,,,,,,
f1c2211e-056d-49e4-b1d3-3c0c30f69e85,876,"B&F ELECTRIC MOTORS, INC.","B&F ELECTRIC MOTORS, INC.",,d/b/a JOHNSTONE SUPPLY,FARMINGDALE,NY,11735,,,,,,,CORE,,false,0.00,,,,,,,2025-09-23 00:54:18.245539+00,2025-09-23 00:54:18.245539+00,,,,,,,,,,,,,,,,,,,0,,,,,,,
f1f8e6c3-fa9a-48ff-a9c7-7c023e511f6b,80,BLOOMINGDALE BOARD OF EDUCATION,BLOOMINGDALE BOARD OF EDUCATION,,225 GLENWILD AVENUE,BLOOMINGDALE,NJ,7403,,,,,,,CORE,,true,18330.00,,,,,,,2025-09-23 00:54:18.245539+00,2025-09-23 00:54:18.245539+00,,,,,,,,,,,,,,,,,,,0,,,,,22-082222-29NJ,active,
f26592f6-c644-4ac7-a1f6-e710e3bb69dc,159,COUNTY OF PASSAIC PUBLIC BUILDINGS(ESCNJ),COUNTY OF PASSAIC PUBLIC BUILDINGS(ESCNJ),,151 EAST 11TH STREET,PATERSON,NJ,7524,,,,,,,CORE,,false,0.00,,,,,,,2025-09-23 00:58:17.545531+00,2025-09-23 01:05:10.444587+00,,,,,,,,,,,,,,,,,,,0,,,,,,,
f3ce2304-d3fe-4bbb-90c8-0dbec7be8c2e,1001,AIR COMFORT LLC,AIR COMFORT LLC,,,,,,,,,,,,CORE,,false,0.00,,,,,,,2025-09-23 00:54:18.245539+00,2025-09-23 00:54:18.245539+00,,,,,,,,,,,,,,,,,,,0,,,,,,,
f4634a28-7d69-4f34-8e8d-af100fdde965,800,"DASHLANE USA, INC.","DASHLANE USA, INC.",,"44 WEST 18TH STREET, 4TH FLOOR",NEW YORK,NY,10011,,,,,,,CORE,,false,0.00,,,,,,,2025-09-23 00:58:17.545531+00,2025-09-23 01:05:10.444587+00,,,,,,,,,,,,,,,,,,,0,,,,,,,
f5a602c1-b60c-4a48-aaf6-05be32fcf6ce,179,DELAWARE VALLEY REGIONAL HIGH SCHOOL,DELAWARE VALLEY REGIONAL HIGH SCHOOL,,19 SENATOR STOUT ROAD,FRENCHTOWN,NJ,8825,,,,,,,CORE,,false,0.00,,,,,,,2025-09-23 00:58:17.545531+00,2025-09-23 01:05:10.444587+00,,,,,,,,,,,,,,,,,,,0,,,,,,,
f7641295-cd21-4c8f-b9ca-d974964bf368,946,- A Test -,- A Test -,,,,,,,,,,,,CORE,,false,0.00,,,,,,,2025-09-23 00:54:18.245539+00,2025-09-23 00:54:18.245539+00,,,,,,,,,,,,,,,,,,,0,,,,,,,
f7f28b4d-285a-4502-a0c8-6ae3ce1468ba,1021,"HOLT, CAT.","HOLT, CAT.",,270 POWER DR,DOWNINGTOWN,PA,19335,,,,,,,CORE,,false,0.00,,,,,,,2025-09-23 01:12:07.559888+00,2025-09-23 01:12:07.559888+00,,,,,,,,,,,,,,,,,,,0,,,,,,,
f9d53701-e154-448b-b839-3a9139139446,831,AIRTAC LLC,AIRTAC LLC,,300 Tice Boulevard Suite 170,Woodcliff Lake,NJ,7677,,,,,,,CORE,,false,0.00,,,,,,,2025-09-23 00:54:18.245539+00,2025-09-23 00:54:18.245539+00,,,,,,,,,,,,,,,,,,,0,,,,,,,
fa92ebe9-98aa-48cb-8d92-8deb952de015,205,EDISON HEATING&COOLING,EDISON HEATING&COOLING,,191 VINEYARD ROAD,EDISON,NJ,8817,,,,,,,CORE,,false,0.00,,,,,,,2025-09-23 01:06:48.926422+00,2025-09-23 01:06:48.926422+00,,,,,,,,,,,,,,,,,,,0,,,,,,,
fec38aa4-7e30-4a53-8959-2ddba4112bd0,126,CENTRAL PRESBYTERIAN CHURCH,CENTRAL PRESBYTERIAN CHURCH,,70 MAPLE STREET,SUMMIT,NJ,7901,,,,,,,CORE,,true,4859.00,,,,,,,2025-09-23 00:54:18.245539+00,2025-09-23 00:54:18.245539+00,,,,,,,,,,,,,,,,,,,0,,,,,24-0206-70NY,active,
ffba8a2b-1223-4ec5-bc11-f46c7a286c92,225,EPIC SCHOOL,EPIC SCHOOL,,238 N. FAIRVIEW AVE.,PARAMUS,NJ,7652,wschmaltz@epicschool.org,,,,,,CORE,,true,4821.54,,,,,,,2025-09-23 01:09:10.612937+00,2025-09-23 01:09:10.612937+00,,,,,,,,,,,,,,,,,,,0,,,,,23-102822-238NJ; 25-0129-238NJ,active; expired,wschmaltz@epicschool.org
fff36b1c-7c6b-451c-b588-2b41b2ffe534,770,CLEMENS FOOD GROUP,CLEMENS FOOD GROUP,,2700 CLEMENS ROAD,HATFIELD,PA,19440,,,,,,,CORE,,false,0.00,,,,,,,2025-09-23 00:58:17.545531+00,2025-09-23 01:05:10.444587+00,,,,,,,,,,,,,,,,,,,0,,,,,,,